file_name,road,sidewalk,building,wall,fence,pole,traffic_light,traffic_sign,vegetation,terrain,sky,person,rider,car,truck,bus,train,motorcycle,bicycle,visual_entropy,greenery,car_num,people_num,pole_num,isline,streetlamp_num,is_safe
10459(90)_pred.jpg,0.027311921,1.16e-05,0.255286458,0.0,7.09e-05,7.81e-05,0.0,1.45e-06,0.070146123,0.172893519,0.259118924,0.0,0,1.45e-06,0.0,0.0,0.0,0.0,0.0,0.55947803,0.243039641,0,0,0,0,1,1
1089(270)_pred.jpg,0.209293981,0.001663773,0.012728588,0.002131076,2.89e-06,7.23e-06,5.79e-06,0.000429688,0.129918981,0.002168692,0.500182292,0.0,0,0.0,0.0,0.0,0.0,0.0,0.0,0.44955005,0.132087674,0,0,1,0,2,1
11065(180)_pred.jpg,0.163386863,0.007181713,0.036540799,0.0,0.025149016,1.01e-05,0.0,4.34e-06,0.06176794,1.74e-05,0.526545139,0.0,0,6.37e-05,0.048025174,0.0,0.0,0.0,0.0,0.521803599,0.061785301,5,0,0,0,4,1
11166(180)_pred.jpg,0.197320602,2.46e-05,0.110743634,0.000225694,0.001766493,1.01e-05,0.0,0.0,0.151588542,1.45e-06,0.409975405,1.45e-06,0,0.000353009,0.0,0.0,0.0,0.0,0.0,0.534959429,0.151589988,6,2,3,1,0,1
11227(180)_pred.jpg,0.11927228,0.050477431,0.44240162,0.0,0.0,0.000206887,0.0,0.0,0.106076389,0.0,0.136031539,0.0,0,0.000127315,0.0,0.0,0.0,0.0,0.0,0.554768134,0.106076389,6,0,1,1,1,1
11315(270)_pred.jpg,0.000627894,0.022831308,0.442151331,1.74e-05,0.0,9.84e-05,0.0,0.0,0.353893229,1.88e-05,0.0,2.89e-06,0,0.000730613,0.0,0.0,0.0,0.0,0.003078704,0.366455584,0.353912037,0,1,0,0,0,1
11315(90)_pred.jpg,0.026252894,0.116668113,0.755127315,0.001179109,0.004625289,0.0,0.0,0.0,0.0,1.01e-05,0.0,0.0,0,0.0,7.23e-06,0.0,0.0,0.0,0.0,0.256808529,1.01e-05,0,0,0,0,0,1
11366(90)_pred.jpg,0.006063368,0.010755208,0.262335069,0.0,0.037640336,0.003829572,0.0,0.0,0.068370949,0.009416956,0.237032697,2.89e-06,0,0.00041522,0.0,0.0,0.0,0.0,0.0,0.498288909,0.077787905,2,1,1,0,0,1
11485(180)_pred.jpg,0.165706019,0.0,0.094538484,0.006743345,0.002188947,0.014156539,0.0,0.001297743,0.022841435,0.001054688,0.496947338,1.01e-05,0,0.000176505,0.0,0.0,0.0,1.45e-06,0.0,0.468857901,0.023896123,4,7,2,0,7,1
11485(90)_pred.jpg,0.206549479,1.01e-05,0.052764757,0.00490162,0.001676794,0.000176505,0.0,3.33e-05,0.017929688,0.002042824,0.527844329,1.45e-06,0,0.000457176,0.0,0.0,0.0,3.04e-05,0.0,0.410687682,0.019972512,11,6,0,0,2,1
1169(90)_pred.jpg,0.021804109,0.049801794,0.274940683,0.028307292,0.0,0.000377604,0.0,0.003269676,0.369453125,0.038269676,0.018967014,0.0,0,0.0,0.0,0.0,0.0,0.0,0.0,0.55518555,0.407722801,0,0,1,1,0,1
12062(180)_pred.jpg,0.229094329,0.015015914,0.396733218,0.000354456,0.0,0.001167535,0.0,1.16e-05,0.12421875,0.0,0.006782407,1.01e-05,0,6.22e-05,0.0,0.0,0.0,3.62e-05,0.0,0.465691288,0.12421875,0,5,0,0,0,1
12062(270)_pred.jpg,0.0,0.177148438,0.498467882,0.0,1.45e-06,4.34e-06,0.0,0.001199363,0.179155093,1.88e-05,0.0,1.01e-05,0,1.45e-06,0.0,0.0,0.0,0.0,0.0,0.421344854,0.1791739,0,5,0,0,0,1
12062(90)_pred.jpg,0.186465567,0.000795718,0.133272569,5.79e-06,0.000688657,0.000413773,0.0,0.0,0.275510706,1.45e-06,0.186359954,2.17e-05,0,0.000134549,0.0,0.0,0.0,0.0,4.34e-06,0.549608821,0.275512153,0,9,0,0,1,1
1224(270)_pred.jpg,0.015653935,0.022575231,0.111501736,1.16e-05,0.0,0.004754051,0.0,0.0,0.418695023,0.124496528,0.061268808,0.0,0,0.000467303,0.0,0.0,0.0,0.0,1.16e-05,0.529635754,0.543191551,12,1,1,1,0,1
12240(180)_pred.jpg,0.146154514,0.013881655,0.00244647,4.63e-05,0.008376736,0.000302373,0.0,2.89e-06,0.376009838,0.095558449,0.096856192,0.0,0,7.23e-06,0.0,0.0,0.0,0.0,2.89e-06,0.528346281,0.471568287,2,0,1,0,0,1
12282(180)_pred.jpg,0.083425926,0.029924769,0.012932581,0.00035735,0.00228588,0.006281829,0.0,0.0,0.198650174,0.029334491,0.40151765,0.0,0,0.000325521,0.0,0.0,0.0,0.0,0.0,0.525765584,0.227984664,2,0,1,0,2,1
12282(270)_pred.jpg,0.0,0.073378183,0.266247106,0.0,0.0,4.48e-05,0.0,0.0,0.413168403,0.050496238,0.027984664,0.0,0,2.31e-05,0.0,0.0,0.0,0.0,0.0,0.504108302,0.463664641,3,0,0,0,0,1
12355(270)_pred.jpg,0.106589988,0.003041088,0.025367477,0.0,0.0,4.34e-06,0.0,0.005231481,0.222317708,0.003030961,0.409228877,1.45e-06,0,0.001592882,0.0,0.0,0.0,0.0,0.0,0.479799842,0.225348669,11,1,0,0,0,1
12378(-90)_pred.jpg,0.187216435,0.043528646,0.034087095,0.037243924,0.006708623,0.004599248,2.89e-06,0.006695602,0.057193287,1.74e-05,0.403059896,0.0,0,0.0,0.0,0.0,0.0,0.0,0.0,0.5688384,0.057210648,2,0,3,1,6,1
1250(90)_pred.jpg,0.157936921,0.000393519,0.047002315,0.0,0.049927662,0.00020978,0.0,1.45e-06,0.181886574,0.004953704,0.316209491,0.0,0,0.000112847,0.0,0.0,0.0,0.0,0.0,0.56072039,0.186840278,1,2,0,0,1,1
12518(180)_pred.jpg,0.163719618,0.030462963,0.074156539,0.033641493,2.89e-06,0.000638021,0.0,0.0,0.1470761,0.009916088,0.31058015,0.0,0,2.89e-06,0.0,0.0,0.0,0.0,0.0,0.610294374,0.156992188,1,0,0,0,6,1
12518(90)_pred.jpg,0.089809028,0.083208912,0.418450521,0.114777199,0.0,0.005431134,0.0,0.0,0.144447338,3.18e-05,1.45e-05,0.0,0,0.0,0.0,0.0,0.0,0.0,0.0,0.583976153,0.144479167,0,0,0,0,1,1
12563(270)_pred.jpg,5.79e-06,0.025128762,0.035409433,0.106341146,0.0,0.0,0.0,0.0,0.441860532,0.000394965,0.094262153,0.0,0,0.000672743,0.0,0.0,0.0,0.0,0.0,0.452002517,0.442255498,2,0,0,0,0,1
12644(270)_pred.jpg,0.192860243,5.79e-06,0.272984664,0.0,0.0,0.0,0.0,2.89e-06,0.148287037,0.006202257,0.17370515,2.89e-06,0,0.000745081,0.0,0.0,0.0,0.0,0.0,0.562820975,0.154489294,4,3,0,0,0,1
12644(90)_pred.jpg,0.203258102,0.005787037,0.160635127,0.0,0.0,0.000339988,0.0,5.06e-05,0.148373843,0.011720197,0.237303241,0.0,0,0.000782697,0.0,0.0,0.0,0.0,0.0,0.578815504,0.160094039,6,0,2,0,1,1
12796(-90)_pred.jpg,0.079726563,1.88e-05,0.148320313,0.001501736,0.001335359,5.79e-06,0.0,0.0,0.457786458,0.024050926,0.063732639,0.0,0,3.47e-05,0.0,0.0,0.0,0.0,8.68e-06,0.489375891,0.481837384,0,0,0,0,0,1
12810(180)_pred.jpg,0.103728299,0.015616319,0.357867477,4.92e-05,0.000260417,0.0,0.0,0.0,0.084537037,0.007319155,0.274256366,0.0,0,0.000438368,0.0,0.0,0.0,0.0,0.0,0.553038405,0.091856192,4,0,0,0,1,1
12810(90)_pred.jpg,0.001009838,0.0,0.230321181,0.0,2.89e-06,0.0,0.0,1.01e-05,0.510431134,0.022790799,0.074030671,0.0,0,0.000646701,0.0,0.0,0.0,0.0,0.0,0.422226515,0.533221933,4,0,0,0,0,1
13061(90)_pred.jpg,0.212340856,0.012381366,0.034448785,3.33e-05,7.23e-06,0.000138889,0.0,2.89e-06,0.528356481,7.09e-05,0.001873553,0.0,0,2.89e-06,0.0,0.0,0.0,0.0,0.0,0.369456219,0.528427373,0,0,1,1,1,1
13075(270)_pred.jpg,0.090645255,0.032663484,0.191336806,0.000957755,0.0,0.00224103,0.0,0.0,0.430808738,0.0,0.000904225,0.0,0,0.000101273,0.0,0.0,0.0,0.0,1.01e-05,0.450055696,0.430808738,1,1,1,0,0,1
13180(180)_pred.jpg,0.093702257,0.048702257,0.333369502,0.0,0.0,0.0,0.0,0.0,0.288648727,0.0,0.105070891,0.0,0,1.45e-05,0.0,0.0,0.0,0.0,0.0,0.577957975,0.288648727,2,2,1,1,0,1
13180(270)_pred.jpg,0.000765336,3.18e-05,0.008887442,0.000403646,1.01e-05,9.69e-05,0.0,0.006869213,0.911074942,0.002842882,0.0,0.0,0,0.0,0.0,0.0,0.0,0.0,0.0,0.081514418,0.913917824,0,0,0,0,0,1
13323(270)_pred.jpg,0.02271412,0.00224537,0.126621817,0.0,0.003145255,0.002281539,0.0,0.005199653,0.194894387,0.189045139,0.281400463,0.0,0,0.0,0.0,0.0,0.0,0.0,0.0,0.612834739,0.383939525,0,0,1,1,0,1
13323(90)_pred.jpg,0.097855903,0.0,0.204445891,0.0,0.0,0.000467303,0.0,0.000460069,0.153210359,0.067926794,0.280280671,0.0,0,0.000924479,0.000843461,0.0,0.0,0.0,0.0,0.607202746,0.221137153,9,0,0,0,1,1
13557(-90)_pred.jpg,0.246694155,5.79e-06,0.004853877,0.004129051,0.001264468,4.34e-06,0.0,0.0,0.028052662,0.030337095,0.563997396,0.0,0,0.000186632,0.0,0.0,0.0,0.0,0.0,0.405310681,0.058389757,1,2,1,1,3,1
13574(90)_pred.jpg,0.001542245,0.05016059,0.085026042,0.072356771,0.131662326,1.45e-06,0.0,0.001500289,0.195303819,5.79e-05,0.262975984,0.0,0,0.0,0.0,0.0,2.89e-06,0.0,0.0,0.654582539,0.19536169,0,0,0,0,0,1
13577(270)_pred.jpg,0.020303819,0.0,0.001762153,7.23e-06,0.0,0.0,0.0,0.0,0.27146412,1.45e-06,0.397877604,1.45e-06,0,0.001166088,0.0,0.0,0.0,0.0,0.0,0.355667528,0.271465567,4,1,0,0,0,1
13672(270)_pred.jpg,0.014114583,0.097194734,0.840036169,0.0,0.0,0.0,0.0,0.0,0.0,0.0,0.0,0.0,0,0.0,0.0,0.0,0.0,0.0,0.0,0.188104889,0.0,0,0,0,0,0,1
13688(180)_pred.jpg,0.162067419,0.031477141,0.064011863,0.001100984,0.009045139,0.003239294,0.0,0.0,0.256848958,0.007530382,0.262929688,0.0,0,2.89e-06,0.0,0.0,0.0,0.0,0.0,0.601750155,0.26437934,0,0,0,0,1,1
13798(180)_pred.jpg,0.162565104,0.042057292,0.187874711,0.005859375,0.01291522,0.001833044,0.0,0.0,0.153556134,0.0,0.262585359,0.0,0,0.0,0.0,0.0,0.0,0.0,0.0,0.642494697,0.153556134,2,0,0,0,2,1
13798(90)_pred.jpg,0.005882523,0.151092303,0.546808449,0.0,0.0,0.0,0.0,0.0,0.141866319,0.007226563,0.0,0.0,0,0.0,0.0,0.0,0.0,0.0,0.0,0.416277003,0.149092882,0,0,0,0,0,1
13920(90)_pred.jpg,0.143101852,0.0,0.427105035,0.0,0.0,0.016728877,0.0,0.0,0.006828704,0.0,0.148382523,7.23e-06,0,0.000759549,0.0,0.0,0.0,0.000377604,0.0,0.449788689,0.006828704,8,4,3,1,1,1
1408(90)_pred.jpg,0.097449363,0.000486111,0.003230613,5.79e-05,0.0,0.012821181,0.0,0.0,0.158421586,0.076905382,0.416235532,0.0,0,0.0,0.0,0.0,0.0,0.0,0.0,0.503590991,0.235326968,0,0,4,1,1,1
14406(180)_pred.jpg,0.131527778,0.062323495,0.128164063,0.029641204,0.014181134,0.000172164,0.0,1.45e-06,0.195956308,2.6e-05,0.250243056,0.0,0,8.68e-06,0.0,0.0,0.0,0.0,0.0,0.666934555,0.19598235,0,0,0,0,7,1
15092(270)_pred.jpg,1.16e-05,0.026248553,8.97e-05,0.086355613,1.45e-06,7.52e-05,0.0,0.0,0.318697917,0.010868056,0.406377315,0.0,0,0.000397859,0.0,0.0,0.0,0.0,0.0,0.473982559,0.329565972,7,0,0,0,0,1
15216(180)_pred.jpg,0.171332465,0.000180845,0.029907407,0.0,0.005283565,0.000227141,0.0,2.89e-06,0.106675347,0.002779225,0.512038484,0.0,0,0.00015625,0.0,0.0,0.0,0.0,0.0,0.450633699,0.109454572,3,0,1,1,1,1
15216(270)_pred.jpg,0.207346644,0.002400174,0.089405382,0.0,0.034910301,0.003385417,0.0,1.59e-05,0.113268229,0.000471644,0.411355613,0.0,0,4.34e-06,3.04e-05,1.45e-06,0.0,0.0,0.0,0.568598932,0.113739873,0,0,0,0,0,1
15901(180)_pred.jpg,0.168838252,2.03e-05,0.061954572,5.5e-05,0.046066262,0.004307002,0.0,0.0,1.16e-05,0.028237847,0.552534722,0.0,0,1.45e-06,0.0,0.0,0.0,0.0,1.45e-06,0.463535363,0.028249421,0,0,0,0,3,1
16070(90)_pred.jpg,0.198917824,0.027737269,0.434859664,0.0,0.011144387,0.00833478,0.0,0.0,0.010371817,0.0,0.199709201,0.0,0,0.000135995,0.0,0.0,0.0,0.0,0.0,0.539874046,0.010371817,4,0,0,0,3,1
16089(180)_pred.jpg,0.156711516,0.023450521,0.000970775,0.024921875,0.006889468,0.000831887,0.0,0.00573206,0.352873264,0.00254485,0.232941262,0.0,0,0.0,0.0,0.0,1.45e-06,0.0,0.0,0.551186492,0.355418113,0,0,0,0,2,1
16089(270)_pred.jpg,0.083007813,0.06516059,0.281633391,0.0,0.09609809,0.001801215,0.0,0.018450521,0.289963831,0.003166956,0.0,0.0,0,0.0,0.0,0.0,0.0,0.0,0.0,0.620502057,0.293130787,0,0,0,0,1,1
16130(270)_pred.jpg,1.45e-06,0.14551794,0.000117188,0.012569444,0.0,0.007268519,0.0,0.0,0.526644965,2.03e-05,0.116561053,5.79e-06,0,0.0,0.0,0.0,0.0,0.0,0.0,0.417304511,0.52666522,0,0,1,1,0,1
16130(90)_pred.jpg,0.0,0.171264468,0.381925637,0.0,1.45e-06,0.0,0.0,0.0,0.280125868,0.002628762,1.88e-05,1.88e-05,0,1.01e-05,0.0,0.0,0.0,0.0,0.001734664,0.457517918,0.28275463,1,0,0,0,0,1
16136(180)_pred.jpg,0.144353299,0.03275897,0.00057147,0.010936053,0.000759549,4.92e-05,0.0,0.0,0.115089699,0.024560185,0.524499421,0.0,0,0.000117188,0.0,0.0,0.0,0.0,0.0,0.490912967,0.139649884,2,0,0,0,3,1
1869(90)_pred.jpg,0.064075521,0.000235822,0.007592593,0.004761285,9.98e-05,7.38e-05,0.0,0.0,0.416752025,0.069962384,0.246135706,0.0,0,0.000264757,0.0,0.0,0.0,0.0,0.0,0.495205357,0.48671441,2,0,1,1,0,1
1927(90)_pred.jpg,0.181155961,0.0005136,0.014885706,0.0,0.000542535,0.001242766,0.0,0.0,0.052427662,0.018133681,0.476953125,0.0,0,0.000367477,0.0,0.0,0.0,0.0011386,0.0,0.425356251,0.070561343,2,1,5,1,1,1
1952(270)_pred.jpg,0.021559606,0.065925926,0.733399884,0.0,0.0,0.022136863,0.0,4.34e-06,5.79e-06,0.001145833,0.0,0.0,0,0.000296586,0.0,0.0,0.0,0.0,2.46e-05,0.253756825,0.00115162,1,0,1,1,0,1
1952(90)_pred.jpg,0.204943576,0.008405671,0.013875868,0.000130208,0.000212674,0.000224248,0.0,0.0,0.608556134,0.013035301,0.0,0.0,0,0.0,0.0,0.0,0.0,0.0,0.0,0.342239617,0.621591435,0,0,2,1,1,1
2110(270)_pred.jpg,0.004100116,0.064609375,0.46557581,0.0,8.68e-06,0.005992477,0.0,0.0,0.199937789,0.000227141,0.025720486,1.01e-05,0,0.00025897,0.0,0.0,0.0,0.0,1.45e-06,0.437072536,0.200164931,2,2,0,0,1,1
2247(180)_pred.jpg,0.096359954,0.050625,0.64786603,0.000377604,0.001329572,0.002432002,0.0,0.002646123,1.59e-05,0.0,0.094191262,4.34e-06,0,5.5e-05,0.0,0.0,0.0,0.0,0.0,0.400902777,1.59e-05,3,0,1,1,0,1
2247(270)_pred.jpg,0.146208044,0.043485243,0.013722512,0.00046875,0.001009838,0.001666667,0.0,4.34e-06,0.315989583,0.000774016,0.282508681,0.0,0,0.000610532,0.0,0.0,0.0,0.0,1.45e-05,0.533725365,0.3167636,7,0,2,1,0,1
2322(90)_pred.jpg,0.069537037,0.085418113,0.106893808,0.00713397,0.039341725,2.03e-05,0.0,0.0,0.317193287,0.005992477,0.196848958,0.0,0,0.0,0.0,0.0,0.0,0.0,0.0,0.656706513,0.323185764,0,0,1,0,1,1
2322(-90)_pred.jpg,0.118958333,0.0,0.133855613,0.001571181,0.0,0.0,0.0,0.0,0.359620949,0.013444734,0.218221933,0.0,0,0.000384838,0.0,0.0,0.0,0.0,0.0,0.561768866,0.373065683,1,0,0,0,0,1
2354(270)_pred.jpg,0.0,0.0,0.007926794,0.257627315,0.000248843,0.00010272,0.0,0.0,0.178509838,1.45e-06,0.473829572,0.0,0,0.0,0.0,0.0,0.0,0.0,0.0,0.456998452,0.178511285,0,0,0,0,0,1
2358(180)_pred.jpg,0.147854456,0.004282407,0.30353588,0.0,0.0,0.000999711,0.0,0.0,0.038684896,0.0,0.292369792,7.23e-06,0,0.000726273,5.79e-06,0.0,0.0,0.01412037,1.45e-06,0.532319366,0.038684896,12,2,1,1,1,1
2358(90)_pred.jpg,0.040859375,0.01661603,0.439719329,0.0,1.45e-06,0.005157697,0.0,4.92e-05,0.208616898,0.0,0.0,1.74e-05,0,0.000384838,0.0,0.0,0.0,0.010685764,0.005824653,0.432703158,0.208616898,4,1,1,0,1,1
2375(90)_pred.jpg,0.067745949,0.021102431,0.541995081,0.0,0.001734664,1.45e-06,0.0,0.003195891,0.075519387,0.000392072,0.010983796,1.45e-05,0,0.000697338,0.0,0.0,0.0,0.0,0.0,0.381364488,0.075911458,2,3,0,0,0,1
2416(270)_pred.jpg,0.013790509,0.071785301,0.00073206,0.0,0.0,0.002599826,0.0,0.0,0.323136574,0.050979456,0.317556424,0.0,0,0.000170718,0.0,0.0,0.0,0.0,0.0,0.500066774,0.37411603,1,0,0,0,1,1
2416(90)_pred.jpg,0.162826968,0.073300058,0.06364728,0.0,0.0,9.98e-05,0.0,0.0,0.143016493,0.00198206,0.380257523,1.45e-06,0,0.0,0.0,0.0,0.0,0.0,0.0,0.57391368,0.144998553,0,1,0,0,1,1
2636(-90)_pred.jpg,0.092426215,0.048706597,0.009215856,7.96e-05,0.072867477,0.0,0.0,0.0,0.547003762,0.003064236,0.063893229,0.0,0,1.59e-05,0.0,0.0,0.0,0.0,0.0,0.488902294,0.550067998,3,0,0,0,0,1
2759(270)_pred.jpg,0.0,0.104793113,0.516257234,0.0,0.0,0.022747396,0.0,0.0,0.153734086,5.79e-06,0.001535012,1.3e-05,0,0.0,0.0,0.0,0.0,1.45e-05,5.79e-06,0.417807579,0.153739873,1,0,1,0,0,1
2759(90)_pred.jpg,0.0,0.04380353,0.49265625,0.0,0.0,0.000154803,0.0,0.0,0.182050058,0.040047743,2.89e-06,1.45e-06,0,0.0,0.0,0.0,0.0,0.006500289,0.0,0.416453596,0.222097801,0,0,0,0,0,1
2849(90)_pred.jpg,0.009036458,0.012445023,0.1147989,0.001260127,8.68e-06,9.55e-05,0.0,0.0,0.63047309,0.037340856,0.0,1.01e-05,0,0.0,0.0,0.0,0.0,0.0,0.0,0.333849407,0.667813947,0,4,0,0,0,1
2849(-90)_pred.jpg,0.100626447,0.032666377,0.055862269,0.052524595,2.89e-06,0.0020761,0.0,0.0,0.485046296,0.026083623,0.0,1.88e-05,0,2.89e-06,0.0,0.0,0.0,4.34e-06,0.000787037,0.487967095,0.511129919,1,6,2,1,1,1
3054(180)_pred.jpg,0.113313079,6.37e-05,0.093268229,0.003706597,0.0,0.000747975,0.0,0.0,0.290193866,0.001685475,0.241157407,0.0,0,0.000758102,0.0,0.0,0.0,0.0,0.0,0.526796887,0.29187934,13,0,0,0,1,1
3054(90)_pred.jpg,0.055766782,0.000127315,0.066746238,0.030645255,0.0,0.000489005,0.0,0.0,0.193506944,0.00838397,0.298587963,0.0,0,0.001129919,0.0,0.0,0.0,0.0,0.0,0.512382138,0.201890914,6,0,0,0,1,1
3064(90)_pred.jpg,0.008812211,8.97e-05,0.079227431,0.005101273,0.002666377,0.000217014,0.0,0.0,0.615470197,0.005729167,0.048140914,1.45e-06,0,0.000481771,0.0,0.0,0.0,0.0,1.45e-06,0.332683923,0.621199363,4,1,1,0,1,1
3076(90)_pred.jpg,0.223488137,0.000386285,0.002711227,0.013531539,0.00197338,0.0,0.0,6.66e-05,0.135159144,0.000250289,0.489765625,0.0,0,2.46e-05,0.0,0.0,0.0,0.0,0.0,0.454934952,0.135409433,0,0,1,0,1,1
3137(270)_pred.jpg,0.155701678,0.030066551,0.206662326,0.0,0.000504919,5.79e-06,0.0,0.0,0.390480324,0.0,0.017118056,0.0,0,0.000271991,0.0,0.0,0.0,0.0,0.0,0.50540676,0.390480324,1,0,0,0,0,1
3229(180)_pred.jpg,0.165677083,0.02583044,0.05093316,0.014524016,0.0,3.04e-05,0.0,0.0,0.088030961,0.006595775,0.465577257,0.0,0,0.000428241,0.0,0.0,0.0,0.0,0.0,0.526359653,0.094626736,3,2,0,0,2,1
3229(270)_pred.jpg,1.45e-06,0.082806713,0.181481481,0.007850116,0.0,4.34e-06,0.0,7.23e-06,0.34594184,0.057466725,0.124388021,0.0,0,0.0,0.0,0.0,0.0,0.0,0.0,0.584063117,0.403408565,0,0,0,0,0,1
3401(-90)_pred.jpg,0.194522569,0.059351852,0.053103299,0.038668981,0.001222512,3.33e-05,0.0,0.0,0.304288194,2.46e-05,0.181795428,0.0,0,7.67e-05,0.0,0.0,0.0,0.0,0.0,0.629409293,0.304312789,5,1,1,1,1,1
3416(90)_pred.jpg,0.175532407,0.065175058,0.299422743,2.75e-05,0.0,8.25e-05,0.0,0.0,0.017432002,2.31e-05,0.284924769,1.45e-06,0,3.91e-05,0.0,0.0,0.0,0.0,2.46e-05,0.553625494,0.01745515,0,10,1,0,4,1
3416(-90)_pred.jpg,0.204817708,0.04766059,0.069273727,6.22e-05,5.79e-06,0.000114294,1.45e-06,0.002319155,0.051647859,0.0,0.441289063,0.0,0,0.00035735,0.0,0.0,0.0,2.89e-06,0.0,0.515718798,0.051647859,10,3,1,0,2,1
3571(270)_pred.jpg,0.016028646,0.0,0.136072049,0.0,0.0,0.00098235,0.0,0.0,0.274855324,0.0,0.264476273,0.0,0,0.00130353,0.0,0.0,0.0,0.0,0.0,0.460288301,0.274855324,5,0,0,0,0,1
3571(90)_pred.jpg,0.145383391,0.0,0.060558449,0.0,0.0,0.0,0.0,0.0,0.426096644,2.89e-06,0.11952691,0.0,0,0.001359954,0.0,0.0,0.0,0.0,0.0,0.467553373,0.426099537,7,0,0,0,0,1
3684(180)_pred.jpg,0.147785012,0.022414641,0.014826389,0.0,0.030046296,2.75e-05,0.0,0.0,0.044137731,0.000176505,0.574714988,7.23e-06,0,0.000125868,0.0,0.0,0.0,0.0,0.0,0.431919275,0.044314236,6,1,1,0,2,1
3684(270)_pred.jpg,0.0,0.162815394,0.173977141,0.025099826,0.021268808,0.011997975,0.0,0.003668981,0.036992188,2.89e-06,0.43306713,0.0,0,0.0,3.62e-05,0.0,0.0,0.0,0.0,0.578743865,0.036995081,0,0,2,1,0,1
3687(90)_pred.jpg,0.109538484,0.010493345,0.012517361,0.000227141,0.070475984,0.000341435,0.0,0.0,0.101885127,0.0,0.503233507,0.0,0,3.18e-05,0.0,0.0,0.0,0.0,0.0,0.484263929,0.101885127,0,0,2,1,1,1
3928(90)_pred.jpg,0.089835069,0.006359954,0.491047454,0.0,0.0,2.17e-05,0.0,0.0,0.191076389,1.45e-06,0.00318287,2.75e-05,0,2.89e-06,0.0,0.0,0.0,0.013122106,0.0,0.429899605,0.191077836,3,4,0,0,0,1
3928(-90)_pred.jpg,0.139463252,0.064510995,0.327918113,0.0,0.0,0.000104167,0.0,0.0,0.079628183,0.0,0.186644965,2.31e-05,0,0.000217014,0.0,0.0,0.0,0.001945891,1.59e-05,0.585133218,0.079628183,7,4,1,1,1,1
3998(180)_pred.jpg,0.086422164,0.034003183,0.647877604,2.6e-05,0.0,0.001639178,0.0,0.0,0.047774884,0.0,0.057109375,0.0,0,1.59e-05,0.0,0.0,0.0,0.0,1.45e-06,0.402836314,0.047774884,1,0,0,1,1,1
4126(180)_pred.jpg,0.217021123,0.002320602,0.326600116,0.0,0.0,0.001326678,0.0,0.0,0.21275463,0.0,0.000713252,1.45e-06,0,0.000484664,0.0,0.0,0.0,0.000374711,0.0,0.460786009,0.21275463,2,2,2,1,1,1
4306(180)_pred.jpg,0.187256944,3.91e-05,0.184606481,0.0,0.001284722,0.000296586,0.0,0.0,0.111465567,0.0,0.299586227,0.0,0,0.00077691,0.0,0.0,0.0,0.001901042,0.0,0.547255999,0.111465567,9,0,0,0,0,1
4306(90)_pred.jpg,0.032777778,0.035536748,0.270497685,0.0,0.0,0.0,0.0,0.0,0.180632234,0.0,0.210512153,0.0,0,0.000494792,0.0,0.0,0.0,0.0,0.0,0.532099336,0.180632234,3,0,0,1,0,1
4414(90)_pred.jpg,0.090934606,0.004953704,0.308423032,0.0,0.0,0.0,0.0,0.0,0.334139178,0.001313657,0.0,0.0,0,0.000439815,0.0,0.0,0.0,0.006296296,0.0,0.441858863,0.335452836,4,0,0,0,0,1
4421(90)_pred.jpg,0.253644387,0.004505208,0.03025897,0.0,0.0,0.0,0.0,0.0,0.259197049,0.004489294,0.277925347,0.0,0,0.000409433,0.0,0.0,0.0,8.68e-06,0.0,0.526156115,0.263686343,7,1,0,0,0,1
4498(270)_pred.jpg,0.115494792,0.0,0.035902778,0.0,0.0,0.0,0.0,0.0,0.642116609,0.013410012,0.0,0.0,0,0.00098235,0.0,0.0,0.0,0.0,0.0,0.311744228,0.65552662,4,0,0,0,0,1
4510(270)_pred.jpg,0.064557292,0.078661748,0.096260127,0.0,0.0,0.0,0.0,7.23e-06,0.573611111,0.001864873,0.0,4.34e-06,0,0.000280671,0.0,0.0,0.0,0.0,2.31e-05,0.406255647,0.575475984,1,2,0,0,0,1
4510(90)_pred.jpg,0.181077836,0.029664352,0.545040509,0.0,0.0,0.000944734,0.0,0.000377604,0.113833912,0.0,0.0,0.0,0,0.0,0.0,0.0,0.0,0.0,0.0,0.434939641,0.113833912,0,0,0,0,1,1
4606(180)_pred.jpg,0.092335069,0.048109086,0.106540799,0.0325,0.0,1.45e-06,0.0,0.0,0.135447049,0.0,0.377841435,0.0,0,0.000503472,0.0,0.0,0.0,0.0,0.0,0.589880926,0.135447049,6,1,2,1,1,1
4607(270)_pred.jpg,0.002385706,0.03859809,0.3330136,0.065280671,0.002627315,0.002254051,0.0,0.0,0.206115451,0.0,0.024811921,2.89e-06,0,0.000499132,0.0,0.0,0.0,0.0,0.0,0.492824744,0.206115451,2,1,0,1,1,1
4745(180)_pred.jpg,0.10682581,0.01066985,0.385951968,0.0,0.000143229,1.74e-05,0.0,0.0,0.251876447,0.0,0.060037616,0.0,0,0.000687211,0.0,0.0,0.0,0.0,0.0,0.511354103,0.251876447,7,0,0,1,1,1
4881(270)_pred.jpg,0.0,0.003052662,0.291187789,0.137126736,0.119665799,0.0,0.0,0.0,0.281914063,6.22e-05,0.022991898,0.0,0,0.0,0.0,0.0,0.0,0.0,0.0,0.58531573,0.281976273,0,0,0,0,0,1
4881(90)_pred.jpg,0.0,0.0,0.129726563,0.635020255,0.0,0.0,0.0,0.0,0.172855903,0.0,1.01e-05,0.0,0,0.0,0.0,0.0,0.0,0.0,0.0,0.372118957,0.172855903,0,0,0,0,0,1
4888(90)_pred.jpg,0.08099103,0.051494502,0.595849248,0.0,0.0,0.000198206,0.0,0.0,0.08807147,0.0,0.0,0.0,0,0.000387731,0.0,0.0,0.0,0.0,0.0,0.383715439,0.08807147,1,0,0,1,0,1
4888(-90)_pred.jpg,0.174299769,0.000539641,0.261498843,0.0,0.0,0.002288773,0.0,0.0,0.121478588,0.0,0.162141204,2.89e-06,0,0.000915799,0.0,0.0,0.0,0.0,0.0,0.534500453,0.121478588,11,2,1,1,1,1
4936(90)_pred.jpg,0.041391782,0.105700231,0.473012153,0.0,2.89e-06,0.0,0.0,0.0,0.175852141,0.000387731,0.028748553,7.23e-06,0,0.000338542,0.0,0.0,0.0,0.0,0.0,0.49379892,0.176239873,2,1,0,1,0,1
4993(-90)_pred.jpg,0.211393229,0.006096644,0.162664931,6.51e-05,0.0,0.0,0.0,0.0,0.329179688,0.027527488,0.100504919,0.0,0,2.31e-05,0.008038194,0.0,0.0,0.0,0.000431134,0.605224673,0.356707176,2,0,0,0,1,1
4994(90)_pred.jpg,0.04681713,3.18e-05,0.060866609,3.04e-05,6.66e-05,0.00504919,0.0,0.0,0.446614583,0.117458044,0.097494213,0.0,0,0.000218461,0.0,0.0,0.0,0.0,0.0,0.513357021,0.564072627,2,0,0,0,1,1
4995(90)_pred.jpg,0.09916522,0.001529225,0.128978588,0.0,0.100421007,5.06e-05,0.0,5.79e-06,0.194952257,0.005311053,0.239984086,0.0,0,7.81e-05,0.0,0.0,0.0,1.45e-06,0.0,0.61862905,0.20026331,2,1,0,0,1,1
4997(180)_pred.jpg,0.147068866,4.34e-06,0.034292535,0.0,0.021271701,0.000711806,2.89e-06,0.0011386,0.062608507,0.005740741,0.508708044,0.0,0,0.000387731,0.0,0.0,0.0,0.0,0.0,0.452716102,0.068349248,11,1,3,1,4,1
5009(180)_pred.jpg,0.192248264,0.010999711,0.236223958,0.0,4.05e-05,0.000978009,0.0,0.0,0.165587384,0.0,0.231507523,1.01e-05,0,8.1e-05,4.34e-06,0.0,0.0,0.0,0.0,0.58721028,0.165587384,2,5,0,0,1,1
5381(180)_pred.jpg,0.087045718,0.080143229,0.001420718,0.027905093,0.040344329,0.00572772,0.0,0.0,0.626018519,0.0,7.38e-05,0.0,0,2.31e-05,0.0,0.0,0.0,0.0,0.0,0.424399725,0.626018519,1,2,1,1,0,1
5381(270)_pred.jpg,0.008496817,0.028107639,0.020609086,0.000118634,0.014833623,0.0,0.0,0.0,0.104097222,0.059908854,0.417735822,0.0,0,0.000311053,0.000380498,0.0,0.0,0.0,7.23e-06,0.459846256,0.164006076,0,0,2,0,0,1
5440(180)_pred.jpg,0.0,0.074939236,0.777990451,0.0,0.0,0.0,0.0,4.05e-05,0.052157118,2.89e-06,0.012440683,0.0,0,2.03e-05,0.0,0.0,0.0,0.0,0.0,0.260041099,0.052160012,0,0,0,0,0,1
5440(270)_pred.jpg,0.0,0.0,0.580820313,0.0,0.07004485,0.0,0.0,0.0,0.051967593,0.0,0.204286748,0.0,0,0.0,0.0,0.0,0.0,0.0,0.0,0.42557384,0.051967593,0,0,0,0,0,1
5449(90)_pred.jpg,0.035243056,0.006851852,0.352424769,0.000208333,0.012385706,4.92e-05,0.0,0.0,0.332860243,0.063106192,0.000380498,0.0,0,2.89e-06,0.0,0.0,0.0,1.45e-06,0.0,0.486327208,0.395966435,1,1,1,1,0,1
5449(-90)_pred.jpg,0.122015336,0.0,0.113396991,0.0,0.0,0.000283565,0.0,1.45e-06,0.283741319,0.157676505,0.09734809,0.0,0,0.000154803,0.0,0.0,0.0,0.0,0.0,0.600487137,0.441417824,5,2,3,1,3,1
5477(270)_pred.jpg,7.23e-06,0.049587674,0.638450521,0.0,0.011477141,0.0,0.0,0.0,0.147103588,0.0,0.0,0.0,0,0.000752315,0.0,0.0,0.0,0.0,1.59e-05,0.336286637,0.147103588,1,0,0,0,0,1
5477(90)_pred.jpg,0.050092593,0.007265625,0.514853877,0.0,0.0,0.0,0.0,0.0,0.241341146,2.89e-06,0.0,0.0,0,0.000392072,0.0,0.0,0.0,0.0,2.89e-05,0.379590969,0.241344039,1,0,0,0,0,1
5494(270)_pred.jpg,0.000489005,4.63e-05,0.054813368,0.016390336,0.1653125,0.000112847,0.0,0.0,0.490627894,0.036893808,0.0,2.89e-06,0,0.000198206,0.0,0.0,0.0,0.0,0.0,0.435224381,0.527521701,1,1,0,0,1,1
5494(90)_pred.jpg,0.278310185,0.010429688,0.132595486,0.082462384,0.018697917,8.68e-06,0.0,0.0,0.221521991,0.015040509,0.0,0.0,0,9.98e-05,2.03e-05,0.0,0.0,1.45e-06,0.0,0.586259031,0.2365625,0,0,0,0,0,1
5719(270)_pred.jpg,0.22463397,0.0,0.07134838,0.000251736,0.003826678,0.000836227,0.0,2.31e-05,0.067269965,0.000179398,0.473046875,8.68e-06,0,6.22e-05,0.0,0.0,0.0,0.0,0.0,0.473942197,0.067449363,1,1,2,1,1,1
5805(-90)_pred.jpg,0.286370081,0.006004051,0.003255208,0.001804109,0.012482639,1.3e-05,0.0,0.0,0.01233941,0.0,0.557935475,1.45e-06,0,1.45e-06,0.0,0.0,0.0,0.0,0.0,0.370690802,0.01233941,0,1,0,0,6,1
669(90)_pred.jpg,0.236675347,0.029953704,0.195497685,0.0,0.001456887,0.002372685,0.0,0.000483218,0.165125868,0.0,0.188156829,0.0,0,0.00025897,0.0,0.0,0.0,0.000392072,0.0,0.612228732,0.165125868,3,0,0,0,2,1
6764(90)_pred.jpg,0.139237558,0.032110822,0.00406684,0.013771701,0.0,0.000800058,1.45e-06,0.000109954,0.130322627,0.003478009,0.48280816,0.0,0,0.0,0.0,0.0,0.0,0.001170428,0.0,0.48543912,0.133800637,1,1,4,1,0,1
6764(-90)_pred.jpg,0.173670428,0.032576678,0.034981192,0.0,0.001575521,0.000504919,0.0,0.0,0.088532986,0.001595775,0.485172164,0.0,0,0.000652488,0.0,0.0,0.0,0.0,0.0,0.489652603,0.090128762,8,0,5,1,2,1
6939(180)_pred.jpg,0.15151331,0.012353877,0.081427951,0.0,0.001866319,0.000166377,0.0,0.025609086,0.0580136,0.036591435,0.502346644,0.0,0,0.000128762,0.0,0.0,0.0,0.0,0.0,0.557922123,0.094605035,5,0,1,0,1,1
7139(270)_pred.jpg,0.017400174,0.044390914,0.317048611,0.015665509,0.00010272,4.92e-05,0.0,0.0,0.110199653,0.006129919,0.319662905,0.0,0,2.46e-05,0.0,0.0,0.0,0.0,0.0,0.5552876,0.116329572,0,0,0,0,0,1
7444(-90)_pred.jpg,0.080403646,0.000470197,0.028188657,0.000134549,0.0,0.000740741,0.0,0.004668692,0.194742477,0.154560185,0.354877025,0.0,0,5.06e-05,0.0,0.0,0.0,0.000763889,0.0,0.572967214,0.349302662,2,4,0,0,1,1
7471(180)_pred.jpg,0.142330729,0.015269097,0.000140336,0.014046586,0.024833623,0.0,0.0,0.0,0.615189525,0.01416956,0.026859086,0.0,0,0.0,0.0,0.0,0.0,0.0,0.0,0.412848247,0.629359086,0,1,0,0,3,1
7471(270)_pred.jpg,0.007055845,0.003074363,0.021753472,0.017459491,0.157796586,0.0,0.0,0.0,0.538781829,0.102588252,0.0,0.0,0,0.0,0.0,0.0,0.0,0.0,0.0,0.462458671,0.641370081,0,0,0,0,0,1
7502(90)_pred.jpg,0.122884838,0.070383391,0.270280671,0.000167824,0.002780671,0.002680845,0.0,0.0,0.200082465,0.001137153,0.108159722,2.89e-06,0,5.06e-05,0.0,0.0,0.0,0.0,0.0,0.609082723,0.201219618,2,2,1,1,1,1
7556(90)_pred.jpg,0.069265046,0.0,0.030574363,1.88e-05,0.0033261,0.000345775,0.0,0.0,0.480687211,0.07432147,0.059706308,0.0,0,0.000222801,0.0,0.0,0.0,0.0,0.0,0.446867087,0.555008681,8,0,0,0,1,1
7590(270)_pred.jpg,0.062361111,0.042045718,0.00875434,0.006688368,6.37e-05,1.45e-06,0.0,0.0,0.65927228,0.001875,1.45e-06,1.45e-05,0,0.000183738,0.0,0.0,0.0,0.0,0.0,0.291015768,0.66114728,1,5,0,0,0,1
7590(90)_pred.jpg,0.076859086,0.024626736,0.371212384,0.0,0.0,0.000866609,0.0,0.0,0.214192708,0.0,0.007445023,1.45e-06,0,0.000653935,0.0,0.0,0.0,0.0,0.0,0.448945676,0.214192708,5,0,0,0,0,1
7654(180)_pred.jpg,0.123195891,0.006793981,0.038328993,0.000878183,0.0,0.000115741,0.0,0.0,0.335502025,0.012887731,0.267094907,0.0,0,0.000432581,0.0,1.45e-06,0.0,0.0,0.0,0.522279086,0.348389757,9,1,1,0,3,1
7668(-90)_pred.jpg,0.196477141,0.022269965,0.074254919,0.0,2.89e-06,5.21e-05,2.89e-06,0.0,0.326145833,0.009555845,0.111529225,5.79e-06,0,0.000494792,0.0,0.0,0.0,0.0,0.0,0.545662429,0.335701678,8,2,0,0,0,1
7952(90)_pred.jpg,0.085677083,0.013832465,0.025740741,1.88e-05,0.114252025,0.000525174,0.0,0.0,0.069644097,1.45e-05,0.504903067,0.0,0,0.000206887,0.0,0.0,0.0,0.0,0.0,0.49877873,0.069658565,1,0,2,1,1,1
799(180)_pred.jpg,0.246882234,2.89e-05,0.018660301,0.0,0.0,0.000219907,2.89e-06,2.17e-05,0.057761863,0.00280816,0.539087095,0.0,0,9.26e-05,0.003567708,2.89e-06,0.0,0.0,0.0,0.415777776,0.060570023,3,0,0,0,4,1
799(270)_pred.jpg,0.274142072,6.51e-05,5.79e-05,0.0,2.89e-06,1.74e-05,2.89e-06,1.16e-05,0.057505787,0.000445602,0.564590567,0.0,0,9.55e-05,0.000399306,0.0,0.0,0.0,0.0,0.369490956,0.057951389,2,1,2,1,2,1
8016(90)_pred.jpg,0.063718171,0.019288194,0.045613426,6.8e-05,0.093686343,0.000870949,0.0,0.0,0.045852141,4.34e-06,0.504914641,1.45e-06,0,0.000157697,0.0,0.0,0.0,0.0,0.0,0.481575977,0.045856481,1,1,0,0,2,1
8016(-90)_pred.jpg,0.21057581,0.011966146,0.064563079,0.000153356,0.025938947,0.002168692,2.89e-06,0.0,0.022962963,4.34e-06,0.475298032,0.0,0,0.000305266,0.0,0.0,0.0,0.0,0.0,0.482092169,0.022967303,18,0,2,1,4,1
8154(90)_pred.jpg,0.255306713,0.0,0.008378183,0.0,1.45e-05,0.000238715,0.0,2.89e-06,0.08718316,0.014754051,0.507306134,0.0,0,8.39e-05,0.0,0.0,0.0,0.0,2.89e-06,0.439000676,0.101937211,5,1,2,0,1,1
8351(-90)_pred.jpg,0.1917636,0.00240162,0.141474248,0.0,1.3e-05,1.16e-05,0.0,0.0,0.115898438,0.013820891,0.297718461,0.0,0,0.000435475,0.0,0.0,0.0,0.0,0.0,0.556401177,0.129719329,7,1,0,0,1,1
8412(180)_pred.jpg,0.226701389,0.010530961,0.09322338,0.0,1.45e-06,0.001260127,0.0,0.000386285,0.076859086,0.002092014,0.438559028,0.0,0,5.21e-05,7.23e-06,0.0,0.0,0.0,0.0,0.516491808,0.0789511,2,2,2,1,2,1
8435(270)_pred.jpg,0.0,0.036725984,0.086756366,0.002469618,0.031747685,0.0,0.0,0.0,0.542949942,0.015895544,0.0,0.0,0,0.000384838,0.0,0.0,0.0,0.0,0.0,0.372736238,0.558845486,1,0,0,0,0,1
8842(90)_pred.jpg,0.017947049,0.002734375,0.109809028,0.000109954,5.21e-05,0.036536458,0.0,0.000422454,0.265394965,0.084427083,0.224071181,0.0,0,0.000484664,0.0,0.0,0.0,0.0,4.34e-06,0.589007069,0.349822049,5,0,1,0,1,1
8842(-90)_pred.jpg,0.147583912,0.012630208,0.02224103,4.2e-05,0.002640336,0.002530382,0.0,0.0,0.414497975,0.018734086,0.156184896,0.0,0,0.000285012,0.0,0.0,0.0,0.0,0.0,0.514787942,0.43323206,13,1,1,1,1,1
8844(180)_pred.jpg,0.251675347,0.000143229,0.034506655,7.23e-06,7.52e-05,0.001167535,0.0,1.45e-06,0.059091435,9.98e-05,0.514021991,0.0,0,1.59e-05,0.0,0.0,0.0,0.0,0.0,0.427206086,0.059191262,0,0,2,0,1,1
8844(270)_pred.jpg,0.176173322,0.061300637,0.009644097,0.036251447,0.004260706,8.83e-05,0.0,0.0,0.0897989,5.64e-05,0.510293692,7.23e-06,0,0.0,0.0,0.0,0.0,0.0,0.0,0.532668322,0.089855324,0,1,2,1,0,1
8922(270)_pred.jpg,0.071336806,1.88e-05,0.005300926,0.008007813,0.0,0.00046875,0.0,0.001685475,0.477374132,0.109726563,0.157398727,0.0,0,1.45e-06,0.0,0.0,0.0,0.0,0.0,0.501983104,0.587100694,0,0,0,1,1,1
902(180)_pred.jpg,0.226866319,7.23e-06,0.070794271,0.00025897,0.0,0.000147569,0.0,0.001186343,0.095979456,0.008391204,0.437743056,1.45e-06,0,0.000353009,0.0,0.0,0.0,0.0,0.0,0.505962479,0.10437066,14,4,2,1,1,1
9064(180)_pred.jpg,0.124748264,0.035862269,0.001576968,7.23e-06,0.0,0.00031684,0.0,1.01e-05,0.105177951,0.062931134,0.522670718,0.0,0,7.23e-06,0.0,0.0,0.0,0.0,0.0,0.495989258,0.168109086,0,0,2,0,5,1
9064(270)_pred.jpg,0.00994647,0.085662616,0.016872106,0.001605903,8.68e-06,0.000413773,0.0,0.001532118,0.022123843,0.088942419,0.583088831,0.0,0,0.0,0.0,0.0,0.0,0.0,0.0,0.418175341,0.111066262,0,1,0,0,3,1
9376(180)_pred.jpg,0.221610243,0.005082465,0.349438657,1.45e-06,0.001890914,0.000668403,4.77e-05,0.009055266,0.030710359,0.001568287,0.200054977,2.89e-06,0,0.000192419,0.0,0.0,0.0,0.0,0.000402199,0.534993572,0.032278646,12,2,2,0,4,1
9376(270)_pred.jpg,0.017317708,0.094204282,0.501572627,0.002573785,0.002643229,0.020927373,0.0,4.48e-05,0.135377604,0.003016493,6.94e-05,1.01e-05,0,1.01e-05,0.0,0.0,0.0,0.0,0.001983507,0.457195831,0.138394097,0,3,1,0,2,1
9505(180)_pred.jpg,0.136685475,4.34e-06,0.048765914,0.017021123,4.92e-05,0.003922164,0.0,1.45e-06,0.306440972,0.08995081,0.138381076,0.0,0,0.000101273,0.0,0.0,0.0,0.0,0.0,0.59265793,0.396391782,2,0,0,0,0,1
9547(270)_pred.jpg,0.005606192,0.003511285,0.0,4.05e-05,0.001017072,0.0,0.0,0.0,0.610568576,0.080143229,0.110321181,0.0,0,0.001014178,0.0,0.0,0.0,0.0,0.0,0.351784438,0.690711806,1,0,0,0,0,1
9677(270)_pred.jpg,0.176014178,0.011843171,0.043201678,0.0,0.001992188,0.002324942,0.0,0.0,0.208302951,0.016701389,0.295425347,0.0,0,0.0,0.0,0.0,0.0,0.0,0.0,0.554105812,0.22500434,0,0,1,1,1,1
9759(180)_pred.jpg,0.131397569,0.036752025,0.046377315,0.000490451,1.45e-06,0.000490451,7.23e-06,4.34e-06,0.297666377,8.68e-06,0.20416522,1.45e-06,0,0.000496238,0.0,0.0,0.0,0.0,0.0,0.532935364,0.297675058,7,4,1,0,5,1
9759(270)_pred.jpg,0.00239728,0.044803241,0.361121238,0.0,0.00270978,0.0,0.0,0.0,0.278537326,0.016300637,0.001927083,4.34e-06,0,0.000360243,0.0,0.0,0.0,0.000457176,4.34e-06,0.425213387,0.294837963,2,2,0,0,0,1
9899(270)_pred.jpg,0.078787616,0.078349248,0.146873553,0.000795718,0.0,0.003891782,0.0,0.00041956,0.286749132,0.007514468,0.117942708,1.45e-06,0,0.000640914,0.0,0.0,0.0,0.0,0.0,0.592279552,0.2942636,9,0,1,0,0,1
10151(180)_pred.jpg,0.141177662,0.01129485,0.127469618,2.89e-06,7.09e-05,0.00458044,0.0,1.45e-06,0.366699942,0.017180266,0.097987558,0.0,0,0.00067419,0.0,0.0,0.0,0.0,0.0,0.558173191,0.383880208,10,0,0,0,1,0
10151(90)_pred.jpg,0.064149306,4.34e-05,0.090779803,0.0,0.0,7.23e-06,0.0,0.0,0.409492188,0.068778935,0.160853588,0.0,0,0.000367477,0.0,0.0,0.0,0.0,2.6e-05,0.539108878,0.478271123,1,0,0,0,0,0
10242(180)_pred.jpg,0.112520255,0.003800637,0.355085359,0.027235243,0.001001157,7.09e-05,0.0,8.54e-05,0.093200231,0.127945602,0.08677662,0.0,0,0.0,0.0,0.0,0.0,0.0,0.0,0.624312686,0.221145833,0,0,1,0,0,0
10245(270)_pred.jpg,0.0,0.002009549,0.25151765,0.0,0.0,0.000543981,0.0,0.0,0.137981771,0.143831019,0.267251157,0.0,0,0.0,0.0,0.0,0.0,0.0,0.0,0.550935196,0.281812789,0,0,1,0,0,0
10245(90)_pred.jpg,0.085645255,0.011425058,0.359730903,0.115719039,0.0,5.79e-06,0.0,0.0,0.18812934,3.47e-05,0.100992477,0.0,0,0.0,0.0,0.0,0.0,0.0,0.0,0.618948879,0.188164063,0,0,0,0,0,0
10403(90)_pred.jpg,0.033538773,0.0,0.206876447,0.0,2.31e-05,0.028204572,0.0,0.0,0.204881366,0.019001736,0.261002604,0.0,0,0.000393519,0.0,0.0,0.0,0.0,0.0,0.562193375,0.223883102,2,0,3,0,0,0
10403(-90)_pred.jpg,0.163457755,0.020668403,0.101543692,0.0,4.05e-05,0.000421007,0.0,1.45e-06,0.17759838,0.048135127,0.284716435,0.0,0,6.22e-05,0.0,0.0,0.0,0.0,0.0,0.618188244,0.225733507,1,0,1,0,3,0
10874(180)_pred.jpg,0.155163484,0.067936921,0.154960938,0.0,0.0,0.00291088,0.0,0.001963252,0.184651331,3.91e-05,0.233268229,0.0,0,3.91e-05,0.0,0.0,0.0,0.0,0.0,0.62635606,0.184690394,1,0,2,0,1,0
10874(90)_pred.jpg,0.193475116,0.068185764,0.102423322,0.0,0.0,0.000235822,7.23e-06,0.000778356,0.163206019,0.004042245,0.300108507,0.0,0,0.00016059,0.0,0.0,0.0,0.0,0.0,0.617859757,0.167248264,4,0,1,0,0,0
10943(180)_pred.jpg,0.151737558,0.023684896,0.146426505,0.03359809,1.45e-06,0.000120081,0.0,4.34e-06,0.215999711,0.007643229,0.258858507,0.0,0,0.0,0.0,0.0,0.0,0.0,0.0,0.646820622,0.22364294,0,0,0,0,2,0
10974(90)_pred.jpg,0.221072049,0.013680556,0.005502025,0.000805845,0.032540509,2.89e-06,0.0,0.0,0.177238137,0.0,0.379729456,0.0,0,0.000319734,0.0,0.0,0.0,0.0,0.0,0.527739527,0.177238137,6,0,0,1,0,0
11121(270)_pred.jpg,4.48e-05,0.091675347,0.758165509,0.0,0.0,0.000172164,0.0,0.0,0.014307002,0.007592593,0.0,0.0,0,0.0,0.0,0.0,0.0,0.0,0.0,0.229619584,0.021899595,0,0,0,0,0,0
11133(180)_pred.jpg,0.102531829,0.044713542,0.034965278,0.000475984,0.046996528,1.45e-06,0.0,0.0,0.212167245,0.015169271,0.330221354,0.0,0,2.89e-06,0.0,0.0,0.0,0.0,0.0,0.606049492,0.227336516,1,0,0,0,0,0
11134(270)_pred.jpg,0.0,0.092533275,0.039114583,0.07776331,0.137647569,0.0,0.0,0.0,0.213057002,0.000407986,0.236485822,0.0,0,0.0,0.0,0.0,0.0,0.0,0.0,0.648053059,0.213464988,0,0,0,0,0,0
11134(90)_pred.jpg,0.0,0.085506366,0.24947772,0.007158565,0.0,0.0,0.0,0.0,0.193192998,0.091073495,0.201416377,0.0,0,0.0,0.0,0.0,0.0,0.0,0.0,0.62998442,0.284266493,0,0,0,0,0,0
11167(180)_pred.jpg,0.19453125,0.0616739,0.019759838,0.007679398,0.001916956,7.52e-05,0.0,0.0,0.036105324,1.45e-06,0.559564525,0.0,0,9.4e-05,0.0,0.0,0.0,0.0,0.0,0.461927318,0.036106771,1,0,3,1,0,0
1174(180)_pred.jpg,0.10937066,0.003133681,0.51578559,0.0,0.016252894,0.003674769,0.0,0.0,0.124929109,0.002330729,0.022677951,2.17e-05,0,0.000439815,0.000646701,1.45e-06,0.0,0.0,0.0,0.459220346,0.127259838,3,3,1,1,0,0
12307(270)_pred.jpg,0.017055845,0.085807292,0.420794271,0.0,0.069778646,0.000561343,0.0,0.000198206,0.183284144,5.06e-05,0.0,0.0,0,0.000215567,0.0,0.0,0.0,0.0,0.000448495,0.500666833,0.18333478,0,0,0,0,0,0
12307(90)_pred.jpg,0.086281829,0.07964265,0.504772859,0.0,0.0,0.000118634,0.0,0.0,0.132028356,0.0,0.051707176,0.0,0,0.0,0.0,0.0,0.0,0.0,5.5e-05,0.512511018,0.132028356,0,0,0,0,0,0
12310(180)_pred.jpg,0.152880498,0.03098235,0.046608796,1.45e-06,8.1e-05,5.06e-05,0.0,0.0,0.373614005,7.23e-06,0.179723669,0.0,0,6.08e-05,0.016028646,0.0,0.0,0.0,0.000390625,0.558175611,0.373621238,5,0,0,0,1,0
12462(270)_pred.jpg,0.02646412,0.120480324,0.355452836,0.011995081,0.056493056,0.001915509,0.0,1.45e-06,0.209521123,0.005878183,0.01989294,0.0,0,0.00015191,0.0,0.0,0.0,0.0,2.89e-06,0.600680573,0.215399306,4,0,0,0,1,0
12480(270)_pred.jpg,0.0,0.0,0.029758391,0.365627894,0.0,4.34e-06,0.0,0.0,0.396989294,0.000813079,0.100934606,0.0,0,0.0,0.0,0.0,0.0,0.0,0.0,0.467530864,0.397802373,0,0,0,0,0,0
12480(90)_pred.jpg,0.001990741,0.077390046,0.004639757,0.0,0.020881076,0.0019864,0.0,0.0,0.65599103,0.037847222,0.008628472,1.45e-06,0,0.000141782,0.0,0.0,0.0,0.0,0.0,0.334955672,0.693838252,0,0,0,0,0,0
12496(270)_pred.jpg,0.176375868,7.67e-05,0.724920428,0.0,0.0,0.01296441,0.0,0.0,0.008347801,0.0,0.0,1.45e-06,0,0.000199653,0.0,0.0,0.0,0.002779225,0.0,0.284172258,0.008347801,3,1,1,0,0,0
12673(180)_pred.jpg,0.140416667,0.022097801,0.334221644,0.0,0.0,0.0,0.0,0.001631944,0.042863137,0.001491609,0.355947627,0.0,0,1.45e-06,0.0,0.0,0.0,0.0,0.0,0.542470008,0.044354745,0,0,0,1,0,0
12675(90)_pred.jpg,0.015691551,0.0,0.579225984,0.0,0.0,0.0,0.0,0.0,0.203366609,0.046789641,2.03e-05,0.0,0,0.0,0.0,0.0,0.0,0.000444155,0.0,0.3701575,0.25015625,0,0,0,1,0,0
12737(270)_pred.jpg,0.341779514,0.003459201,0.596604456,0.0,0.0,0.0,0.0,0.0,2.89e-06,0.0,0.0,0.0,0,0.0,0.0,0.0,0.0,0.0,0.0,0.301711698,2.89e-06,0,0,0,0,0,0
12758(90)_pred.jpg,0.038213252,0.095241609,0.333800637,1.3e-05,0.001383102,0.0,0.0,0.0,0.078337674,0.032255498,0.230273438,0.0,0,0.0,0.0,0.0,0.0,0.0,0.0,0.596122586,0.110593171,0,0,0,0,0,0
12816(-90)_pred.jpg,0.103007813,0.022541956,0.57875,0.0,0.00693287,0.001902488,0.0,0.0,4.05e-05,4.34e-06,0.120380498,0.0,0,0.000335648,0.0,0.0,0.0,0.0,8.54e-05,0.408809639,4.48e-05,4,0,1,0,0,0
12847(-90)_pred.jpg,0.064956597,0.022868924,0.355652488,0.05608941,0.0,0.000619213,0.0,0.0,0.025449942,0.121132813,0.201591435,0.0,0,0.000121528,0.0,0.0,0.0,0.0,0.0,0.638800625,0.146582755,3,0,0,0,1,0
12850(270)_pred.jpg,0.124515336,0.039811921,0.369095775,0.001118345,0.0,0.018289931,0.0,0.0,0.024573206,0.002486979,0.266793981,2.89e-06,0,0.000137442,0.0,0.0,0.0,5.79e-06,0.000425347,0.564378948,0.027060185,3,0,1,1,0,0
12850(90)_pred.jpg,1.74e-05,0.041537905,0.672000868,9.4e-05,0.0,0.030639468,0.0,0.0,0.002676505,0.001124132,0.016971933,2.89e-06,0,0.000360243,0.0,0.0,0.0,0.0,0.000448495,0.263238828,0.003800637,3,0,0,0,0,0
12851(270)_pred.jpg,0.0,0.013265336,0.916468461,0.0,8.68e-06,4.34e-06,0.0,0.0,0.034065394,0.0,0.0,0.0,0,0.0,0.0,0.0,0.0,0.0,0.0,0.109685399,0.034065394,0,0,0,0,0,0
12926(180)_pred.jpg,0.113732639,0.074668692,0.08181713,0.027395833,0.032621528,0.000690104,0.0,0.001833044,0.024717882,0.0,0.486579861,0.0,0,0.000199653,0.0,0.0,0.0,0.0,2.17e-05,0.571742533,0.024717882,4,1,1,1,2,0
13151(90)_pred.jpg,0.150824653,0.013038194,0.771297743,0.0,0.008849826,0.000253183,0.0,0.0,0.0,0.0,0.0,0.0,0,0.0,0.0,0.0,0.0,0.0,0.0,0.254546016,0.0,0,0,0,0,0,0
13203(270)_pred.jpg,0.002248264,0.052410301,0.004097222,0.0008261,0.0,0.077854456,0.0,5.93e-05,0.743279803,0.007449363,1.01e-05,0.0,0,0.0,0.0,0.0,0.0,0.0,0.0,0.283639556,0.750729167,0,0,0,0,0,0
13213(180)_pred.jpg,0.114864005,0.020360243,0.052045718,0.0,0.005222801,0.00020978,0.0,0.0,0.397832755,0.001695602,0.149147859,0.0,0,4.34e-06,0.0,0.0,0.0,0.0,0.0,0.509108573,0.399528356,0,0,0,1,1,0
13213(270)_pred.jpg,0.0,0.029791667,0.157199074,0.0,0.020438368,0.0,0.0,0.0,0.678324653,0.0,0.031820023,0.0,0,0.0,0.0,0.0,0.0,0.0,0.0,0.368292435,0.678324653,0,0,0,1,0,0
13213(90)_pred.jpg,0.052715567,0.033823785,0.184965278,0.00224537,0.0,0.004039352,0.0,0.0,0.434448785,0.011736111,0.008531539,5.79e-06,0,5.93e-05,0.0,0.0,0.0,0.0,0.0,0.466186113,0.446184896,0,2,0,0,0,0
13282(180)_pred.jpg,0.176423611,0.032887731,0.168645833,0.000188079,0.002806713,0.001122685,0.0,0.000747975,0.177278646,0.007541956,0.254509549,0.0,0,1.3e-05,0.0,0.0,0.0,0.0,0.0,0.626099388,0.184820602,1,0,1,0,2,0
13318(270)_pred.jpg,0.023152488,1.45e-06,0.001183449,0.00134838,0.0,0.00015191,0.0,0.000801505,0.123880208,0.0,0.442520255,0.0,0,0.001953125,0.0,0.0,0.0,0.0,0.0,0.322599955,0.123880208,20,0,2,1,0,0
13338(180)_pred.jpg,0.105449942,0.017254051,0.066610243,0.008936632,0.004985532,1.45e-06,0.0,0.0,0.122323495,0.074791667,0.455658275,0.0,0,0.0,0.0,0.0,0.0,0.0,0.0,0.592990104,0.197115162,0,0,0,0,0,0
1341(180)_pred.jpg,0.213793403,0.003370949,0.260554109,0.0,0.0,5.79e-05,0.0,0.0,0.23666522,0.0,0.018036748,0.0,0,0.001148727,0.0,0.0,0.0,0.0,0.00037037,0.488233772,0.23666522,9,0,0,1,0,0
1341(90)_pred.jpg,0.01280816,0.087420428,0.379907407,0.0,0.0,0.003502604,0.0,0.003140914,0.270261863,4.34e-06,0.0,1.59e-05,0,0.00046441,0.0,0.0,0.0,0.0,0.001598669,0.452595084,0.270266204,4,3,3,1,0,0
13421(-90)_pred.jpg,0.121555266,0.071850405,0.405885417,0.0,0.0,0.0,0.0,0.0,0.108373843,0.0,0.146736111,0.0,0,0.0004239,0.000451389,0.0,0.0,0.001623264,0.0,0.58671606,0.108373843,5,0,0,1,0,0
1347(-90)_pred.jpg,0.118734086,0.071782407,0.170114294,0.0,0.0,0.000282118,0.0,6.66e-05,0.355248843,0.0,0.004027778,0.0,0,0.000364583,0.0,0.0,0.0,5.79e-06,0.0,0.494741411,0.355248843,4,2,0,1,1,0
13798(90)_pred.jpg,0.005882523,0.151092303,0.546808449,0.0,0.0,0.0,0.0,0.0,0.141866319,0.007226563,0.0,0.0,0,0.0,0.0,0.0,0.0,0.0,0.0,0.416277003,0.149092882,0,0,0,0,0,0
13798(-90)_pred.jpg,0.188551794,0.035630787,0.229625289,0.01765625,0.009882813,0.000230035,0.0,7.81e-05,0.11000434,2.89e-06,0.205746528,0.0,0,0.000202546,0.0,0.0,0.0,0.0,0.0,0.634364345,0.110007234,2,0,3,1,2,0
13971(90)_pred.jpg,0.154010417,0.002379919,0.224484954,0.000384838,0.001514757,0.0,0.0,0.0,0.247782118,0.006414931,0.159699074,0.0,0,0.000290799,0.0,0.0,0.0,0.0,0.0,0.575068822,0.254197049,2,0,0,0,0,0
14176(180)_pred.jpg,0.093920718,7.23e-05,0.445050637,0.0,0.032482639,1.45e-06,0.0,0.0,0.019801794,2.17e-05,0.210882523,7.23e-06,0,0.000286458,0.01,0.0,0.0,0.000497685,0.0,0.500681565,0.019823495,5,1,0,1,0,0
14176(90)_pred.jpg,0.046267361,0.035222801,0.821077836,0.0,0.0,0.0,0.0,0.0,0.006846065,0.004199942,0.0,0.0,0,5.21e-05,0.0,0.0,0.0,0.0,0.0,0.208260319,0.011046007,0,0,0,0,0,0
14246(90)_pred.jpg,0.037197627,0.176789641,0.475024595,0.0,0.009337384,0.020381944,0.0,0.000454282,0.0,0.0,0.0,0.0,0,0.000232928,0.0,0.0,0.0,0.0,0.0,0.39556143,0.0,1,0,0,0,0,0
14659(180)_pred.jpg,0.144497975,0.061929977,0.119412616,0.007087674,0.028219039,0.000849248,0.0,0.000416667,0.166317998,0.00265191,0.284000289,0.0,0,1.45e-06,0.0,0.0,1.45e-06,4.34e-06,0.0,0.66110535,0.168969907,2,1,1,1,3,0
14659(90)_pred.jpg,0.10359809,0.104036458,0.074865451,0.026815683,0.067945602,0.0,0.0,0.0,0.218927951,0.000105613,0.212067419,0.0,0,0.0,0.0,0.0,0.0,0.0,0.0,0.697706349,0.219033565,0,0,0,0,0,0
14660(90)_pred.jpg,0.100432581,0.039152199,6.66e-05,0.009720775,0.012447917,4.77e-05,0.0,0.0,0.690979456,1.3e-05,0.004592014,0.0,0,0.00026331,0.0,0.0,0.0,0.0,0.004155093,0.331662023,0.690992477,2,0,1,0,0,0
14710(180)_pred.jpg,0.150600405,0.028813657,0.121287616,0.0,0.0,0.000730613,0.0,0.0,0.058919271,0.02509838,0.47766059,0.0,0,3.04e-05,3.91e-05,0.0,0.0,0.0,0.0,0.547820765,0.08401765,3,0,3,1,2,0
14710(90)_pred.jpg,0.239907407,0.010373264,0.290970775,0.0,0.013577836,0.0,0.0,0.0,0.164382234,0.001322338,0.105363137,0.0,0,0.0,0.0,0.0,0.0,0.0,0.0,0.586348506,0.165704572,0,0,0,0,0,0
14714(180)_pred.jpg,0.151225405,0.03015625,0.09708478,0.00046441,0.000862269,0.000753762,0.0,0.0,0.060539641,0.032514468,0.486170428,0.0,0,0.00015191,0.0,0.0,0.0,0.0,0.0,0.549762218,0.093054109,3,0,4,1,1,0
15014(90)_pred.jpg,0.069712095,0.039914641,0.68401331,0.0,0.000211227,0.024985532,0.0,0.000766782,0.01495081,1.01e-05,0.022524595,1.59e-05,0,0.0,0.0,0.0,0.0,0.001514757,0.007502894,0.377224397,0.014960938,0,1,1,0,0,0
15015(90)_pred.jpg,0.009845197,0.067476852,0.311495949,0.0,3.33e-05,7.67e-05,0.0,1.45e-06,0.455027488,1.3e-05,0.0,0.0,0,1.45e-06,0.0,0.0,0.0,2.75e-05,2.75e-05,0.412947658,0.455040509,0,0,0,0,0,0
15230(180)_pred.jpg,0.151481481,0.001177662,0.050091146,0.0,1.45e-06,4.34e-05,0.0,0.000425347,0.229431424,0.037650463,0.356873553,0.0,0,4.34e-06,0.0,0.0,0.0,0.0,0.0,0.554400194,0.267081887,3,2,1,0,1,0
15230(90)_pred.jpg,0.081782407,0.003786169,0.126603009,0.0,3.04e-05,0.0,0.0,0.0,0.446747685,0.092654803,0.058025174,0.0,0,0.000491898,0.0,0.0,0.0,0.0,0.0,0.537292301,0.539402488,10,0,0,0,0,0
1563(270)_pred.jpg,0.111850405,2.17e-05,0.01327691,0.001707176,0.047578125,0.000260417,0.0,0.0,0.636111111,0.037501447,0.0,0.0,0,0.0,0.0,0.0,0.0,0.0,0.0,0.378465953,0.673612558,0,0,0,0,0,0
15910(180)_pred.jpg,0.112795139,0.008252315,0.277844329,1.45e-06,0.000565683,0.001076389,0.0,0.0,0.015222801,0.002776331,0.378952546,2.89e-06,0,0.000688657,0.0,0.0,0.0,0.0,0.0,0.480322121,0.017999132,8,0,0,0,1,0
16058(90)_pred.jpg,0.02754485,0.001223958,0.680914352,0.0,0.007210648,1.45e-06,0.0,0.0,0.012379919,0.000921586,0.0,0.0,0,0.000927373,0.0,0.0,0.0,0.0,0.0001114,0.205299171,0.013301505,3,0,0,0,0,0
16058(-90)_pred.jpg,0.211702836,0.0,0.302316262,0.0,0.003689236,0.0,0.0,0.0,0.009973958,1.45e-06,0.308559028,0.0,0,0.001077836,1.45e-06,0.0,0.0,0.0,0.0,0.489530475,0.009975405,22,0,0,0,0,0
16174(270)_pred.jpg,0.150860822,0.004386574,0.000807292,0.023982928,1.45e-06,0.000441262,0.0,0.0,0.088682002,0.021263021,0.551076389,2.89e-06,0,0.000548322,0.0,0.0,0.0,0.0,0.0,0.450388202,0.109945023,0,0,1,1,0,0
16174(90)_pred.jpg,0.108127894,0.120716146,0.073825231,0.0,0.0,0.0,0.0,0.0,0.245208333,0.000853588,0.292382813,1.45e-06,0,0.000286458,0.0,0.0,0.0,0.0,2.75e-05,0.608464791,0.246061921,4,1,0,0,0,0
1853(90)_pred.jpg,0.140708912,0.005659722,0.175135995,0.0,0.0,9.11e-05,2.89e-06,3.76e-05,0.089357639,1.45e-06,0.280269097,1.45e-06,0,0.000944734,0.0,0.0,0.0,0.0,0.0,0.517046627,0.089359086,7,0,2,1,0,0
1853(-90)_pred.jpg,0.298401331,1.45e-06,0.256381655,0.0,0.000283565,0.000600405,3.33e-05,3.91e-05,0.037706887,4.05e-05,0.2433261,0.0,0,0.000755208,0.0,0.0,0.0,0.0,0.0,0.517111186,0.037747396,9,0,0,1,0,0
1895(180)_pred.jpg,0.188790509,0.029019097,0.00525897,0.032228009,0.0,0.008891782,0.0,5.79e-06,0.235730613,0.000396412,0.311263021,0.0,0,8.54e-05,0.0,0.0,0.0,0.0,4.34e-05,0.567226039,0.236127025,3,1,4,1,0,0
1895(90)_pred.jpg,0.22296441,0.000847801,0.094159433,0.0,0.0,0.000901331,0.0,0.0,0.463942419,0.008155382,0.0029239,0.0,0,0.0,0.0,0.0,0.0,0.0,0.0,0.426473232,0.472097801,0,0,0,0,1,0
2039(180)_pred.jpg,0.125721933,0.030597512,0.07505353,0.001914063,0.010541088,0.000296586,0.0,0.000413773,0.020094039,0.0,0.553253762,0.0,0,7.67e-05,0.0,0.0,4.34e-06,0.0,0.0,0.449120155,0.020094039,1,0,1,1,2,0
2273(270)_pred.jpg,0.062048611,0.015073785,0.462609954,1.88e-05,0.011511863,0.025439815,0.0,1.45e-06,0.08796441,0.0,0.098117766,1.88e-05,0,0.000581597,0.0,0.0,0.0,0.0,7.09e-05,0.514281457,0.08796441,3,2,1,1,0,0
2273(90)_pred.jpg,0.012385706,0.114565972,0.420818866,0.0,0.000393519,1.45e-06,0.0,0.0,0.268547454,0.002300347,0.0,8.68e-06,0,0.000112847,0.0,0.0,0.0,0.0,0.0,0.45085009,0.270847801,1,1,0,0,0,0
2454(-90)_pred.jpg,0.24135706,0.0,0.303359375,0.0,0.000166377,0.003045428,0.0,0.0,0.116795428,0.0,0.136530671,0.0,0,0.000950521,0.0,0.0,0.0,0.0,0.0,0.544305038,0.116795428,10,0,0,0,0,0
2514(90)_pred.jpg,0.071063368,0.001990741,0.66520978,0.0,0.0,0.0,0.0,0.0,0.016002604,0.0,0.0,5.79e-06,0,0.001057581,0.0,0.0,0.0,0.0,0.0,0.236667498,0.016002604,4,1,0,0,0,0
2514(-90)_pred.jpg,0.115480324,1.88e-05,0.410607639,0.0,0.0,0.000782697,0.0,1.45e-06,0.007708333,0.0,0.187748843,0.0,0,0.001080729,0.0,0.0,0.0,2.89e-06,4.63e-05,0.425615884,0.007708333,14,1,0,0,0,0
2515(180)_pred.jpg,0.150690104,0.019314236,0.353499711,0.0,0.0,0.005128762,0.0,0.0,0.071289063,0.0,0.237850116,1.59e-05,0,0.0007364,1.45e-06,0.0,0.0,0.0,2.75e-05,0.560981075,0.071289063,11,1,0,0,0,0
2515(270)_pred.jpg,0.015189525,0.088324653,0.349320023,0.0,0.00010706,9.26e-05,0.0,0.0,0.344453125,0.0,0.0,1.88e-05,0,5.93e-05,0.0,0.0,0.0,0.0,0.0067636,0.45552053,0.344453125,1,3,0,0,0,0
2700(180)_pred.jpg,0.105677083,0.03864294,0.477735822,0.000627894,0.001642072,4.48e-05,0.0,0.0,0.101724537,0.001180556,0.140445602,0.0,0,2.6e-05,0.0,0.0,0.0,1.45e-06,0.0,0.542066517,0.102905093,3,0,1,0,0,0
2720(90)_pred.jpg,0.000789931,0.022552083,0.630095486,2.75e-05,0.0,0.0,0.0,0.0,0.036704282,0.023365162,0.182408854,1.45e-05,0,0.0,0.0,0.0,0.0,0.0,1.01e-05,0.391820336,0.060069444,0,0,0,1,0,0
2720(-90)_pred.jpg,0.083757234,0.038757234,0.212944155,0.043858507,0.042983218,0.001427951,0.0,0.0,0.262811053,0.002313368,0.179328704,0.0,0,8.68e-06,0.0,0.0,0.0,0.0,0.0,0.702831222,0.265124421,1,0,1,1,2,0
3014(180)_pred.jpg,0.149040799,0.022949942,0.116338252,0.0,0.040934606,8.83e-05,0.0,0.0,0.017319155,0.004568866,0.514842303,0.0,0,0.000167824,0.0,0.0,0.0,0.0,0.0,0.516969873,0.021888021,5,0,2,1,0,0
3014(270)_pred.jpg,0.177834201,0.007037037,0.423450521,0.0,1.45e-06,2.03e-05,0.0,1.45e-06,0.003479456,2.89e-06,0.269469039,0.0,0,0.000199653,0.0,0.0,0.0,0.0,0.0,0.46943261,0.00348235,1,0,0,0,0,0
3017(180)_pred.jpg,0.172880498,0.005376157,0.114178241,0.0,0.042073206,4.48e-05,0.0,1.45e-06,0.008211806,0.010484664,0.516568287,0.0,0,0.000206887,0.0,0.0,0.0,0.0,0.0,0.496511009,0.01869647,3,0,2,1,0,0
3135(180)_pred.jpg,0.206699942,0.010329861,0.10791956,0.0,0.0,7.23e-06,0.0,0.0,0.309364873,0.0,0.168456308,0.0,0,0.000326968,0.0,0.0,0.0,0.0,0.0,0.555490944,0.309364873,5,0,0,0,0,0
3135(90)_pred.jpg,0.209982639,0.030651042,0.292821181,0.0,0.001671007,0.001284722,0.0,0.0,0.286381655,0.001177662,0.0,0.0,0,0.0,0.0,0.0,0.0,0.0,0.0,0.512236921,0.287559317,0,0,0,0,0,0
3508(180)_pred.jpg,0.130519387,0.054512442,0.260784144,0.0,0.0,0.000150463,0.0,0.0,0.207682292,0.0,0.173438947,0.0,0,0.00026331,0.0,0.0,0.0,0.0,0.0,0.611766207,0.207682292,3,0,1,0,0,0
3628(90)_pred.jpg,0.228101852,0.013009259,0.000128762,0.051482928,0.000177951,8.68e-05,0.0,0.0,0.01562066,0.003736979,0.546838831,0.0,0,0.0,0.0,0.0,0.0,0.0,0.0,0.419428,0.019357639,0,0,1,1,0,0
3628(-90)_pred.jpg,0.226471354,0.027502894,0.001759259,0.013028067,2.89e-06,0.002708333,0.0,1.45e-06,0.104822049,0.029758391,0.423305845,0.0,0,1.45e-06,0.0,0.0,0.0,0.0,0.0,0.531524817,0.13458044,0,0,2,1,1,0
3631(90)_pred.jpg,0.228101852,0.013009259,0.000128762,0.051482928,0.000177951,8.68e-05,0.0,0.0,0.01562066,0.003736979,0.546838831,0.0,0,0.0,0.0,0.0,0.0,0.0,0.0,0.419428,0.019357639,0,0,1,1,0,0
3631(-90)_pred.jpg,0.226471354,0.027502894,0.001759259,0.013028067,2.89e-06,0.002708333,0.0,1.45e-06,0.104822049,0.029758391,0.423305845,0.0,0,1.45e-06,0.0,0.0,0.0,0.0,0.0,0.531524817,0.13458044,0,0,2,1,1,0
3721(90)_pred.jpg,0.000436921,0.189288194,0.226202257,0.054186921,2.89e-06,3.62e-05,0.0,1.45e-06,0.291163194,0.0,0.061760706,1.45e-06,0,1.3e-05,0.0,0.0,0.0,0.0,0.0,0.583887858,0.291163194,0,0,0,1,0,0
3803(180)_pred.jpg,0.092433449,0.055455729,0.593770255,0.0,0.003888889,0.004039352,0.0,0.0,0.001540799,0.0,0.121581308,0.0,0,2.89e-05,1.45e-06,0.0,0.0,0.0,4.92e-05,0.434655729,0.001540799,0,0,0,1,2,0
3911(270)_pred.jpg,0.005914352,0.0758261,0.429823495,0.004208623,0.010873843,4.2e-05,0.0,3.18e-05,0.286983507,0.006273148,0.0,5.79e-05,0,8.68e-06,0.0,0.0,0.0,0.0,1.16e-05,0.457164278,0.293256655,0,3,0,0,0,0
3939(90)_pred.jpg,0.0,0.148091725,0.559982639,0.0,0.015675637,0.032556424,0.0,0.0,0.095096933,0.0,0.0,0.0,0,0.0,0.0,0.0,0.0,0.0,0.0,0.437742853,0.095096933,0,0,2,0,0,0
3958(90)_pred.jpg,0.070125868,0.004949363,0.013997396,0.07307147,0.077051505,0.000597512,5.79e-06,4.63e-05,0.10568287,0.0,0.368975694,0.0,0,5.5e-05,0.0,0.0,0.0,1.45e-06,2.89e-06,0.552426731,0.10568287,2,0,2,0,1,0
4118(180)_pred.jpg,0.106312211,0.022889178,0.63115162,0.0,0.0,0.0,0.0,0.001166088,0.003372396,0.0,0.072628762,1.74e-05,0,0.000144676,0.0,0.0,0.0,0.005745081,0.012644676,0.399164172,0.003372396,4,6,1,0,0,0
4128(270)_pred.jpg,0.026595775,5.79e-05,0.83547309,7.81e-05,0.000798611,5.79e-06,0.0,4.2e-05,2.89e-06,3.33e-05,0.0,0.0,0,0.000215567,0.0,0.0,0.0,0.026440972,0.0,0.153042453,3.62e-05,2,0,0,0,0,0
4132(270)_pred.jpg,0.055758102,0.014069734,0.457839988,0.0,0.0,9.4e-05,0.0,0.0,0.329632523,0.0,0.0,8.68e-06,0,0.0,0.0,0.0,0.0,0.0,0.0,0.41059101,0.329632523,0,2,0,0,0,0
4346(90)_pred.jpg,0.018570602,0.001186343,0.380499132,0.0,0.0,1.3e-05,0.0,1.74e-05,0.289537037,8.68e-06,0.0,0.0,0,0.000807292,0.0,0.0,0.0,0.0,0.0,0.353838712,0.289545718,2,0,0,0,0,0
4513(180)_pred.jpg,0.151811343,0.024918981,0.158854167,0.11666088,0.009337384,0.000814525,0.0,0.0,0.318493924,0.0,0.056828704,0.0,0,0.000154803,0.0,0.0,0.0,0.0,0.0,0.651116491,0.318493924,1,0,1,0,0,0
4554(90)_pred.jpg,0.228560475,0.000792824,0.626532118,0.001691262,0.002293113,3.91e-05,0.0,0.0,0.012845775,0.0,0.018360822,0.0,0,0.000266204,0.0,0.0,0.0,0.0,0.0,0.344222223,0.012845775,1,0,1,1,0,0
4686(180)_pred.jpg,0.068164063,0.062219329,0.222825521,0.004787326,0.082404514,1.45e-06,0.0,0.0,0.144315683,0.000392072,0.193885995,0.0,0,0.0,0.0,0.0,1.45e-06,6.22e-05,0.0,0.66135071,0.144707755,0,0,2,1,1,0
4710(180)_pred.jpg,0.06198206,0.0,0.14786603,0.065782697,0.0,0.0,0.0,0.0,0.350759549,0.0,0.245875289,0.0,0,5.79e-06,0.0,0.0,0.0,0.0,0.0,0.58478463,0.350759549,1,2,0,1,0,0
4740(270)_pred.jpg,0.0,0.042848669,0.846535012,0.0,0.0,0.0,0.0,0.0,1.3e-05,4.34e-06,0.022249711,2.6e-05,0,0.0,0.0,0.0,0.0,0.0,0.004655671,0.167705701,1.74e-05,3,0,0,1,0,0
4740(90)_pred.jpg,0.022148438,1.74e-05,0.002074653,0.008023727,0.016331019,0.0,0.0,0.0,0.158453414,0.017167245,0.439981192,0.0,0,0.000739294,8.83e-05,0.0,0.0,0.0,0.0,0.404933744,0.17562066,2,0,0,0,0,0
4752(90)_pred.jpg,0.195515046,0.010905671,0.343450521,0.000578704,0.107216435,5.79e-06,0.0,0.0,0.031814236,0.018832465,0.005661169,0.0,0,0.0,0.0,0.0,0.0,0.0,0.0,0.518116036,0.050646701,0,0,0,1,0,0
4773(90)_pred.jpg,0.090721933,0.040406539,0.186960359,0.091099537,0.007333623,0.010622106,0.0,2.89e-05,0.280037616,0.0,0.028382523,0.0,0,0.000635127,0.0,0.0,0.0,0.0,0.0,0.619297574,0.280037616,1,0,3,1,0,0
4814(270)_pred.jpg,0.0,0.027340856,0.082243924,0.032565104,0.007839988,0.000587384,0.0,0.0,0.467167245,1.74e-05,0.0,0.0,0,0.000523727,0.0,0.0,0.0,0.0,0.0,0.355016426,0.467184606,2,0,1,0,0,0
4874(180)_pred.jpg,0.221184896,2.89e-06,0.464649884,0.066404803,0.0,0.0,0.0,0.0,0.006770833,0.0,0.125400752,5.79e-06,0,0.000303819,0.0,0.0,0.0,1.3e-05,0.0,0.506752546,0.006770833,5,2,0,1,0,0
4943(180)_pred.jpg,0.208346354,0.027345197,0.119030671,0.0,0.0,0.003864294,6.66e-05,0.002731481,0.009324363,0.0,0.465794271,2.89e-06,0,8.1e-05,0.0,0.0,0.0,0.0,0.0,0.485134668,0.009324363,1,3,3,1,1,0
4943(90)_pred.jpg,0.241354167,0.003119213,0.02441985,0.0,0.000403646,0.000298032,2.89e-05,0.000431134,0.050373264,0.000128762,0.481938657,4.34e-06,0,0.000243056,0.0,0.0,0.0,0.0,0.0,0.419745133,0.050502025,4,0,4,1,1,0
4943(-90)_pred.jpg,0.239749711,0.01062934,0.310266204,0.0,0.00020544,0.001514757,1.45e-06,1.74e-05,0.023585069,4.63e-05,0.267643229,0.0,0,0.000222801,0.0,0.0,0.0,0.000818866,6.08e-05,0.527887461,0.023631366,2,2,2,0,0,0
5006(180)_pred.jpg,0.12791522,0.006931424,0.237382813,2.89e-06,0.0,7.38e-05,0.0,1.45e-06,0.076283275,0.00015191,0.317874711,4.34e-06,0,0.00067853,0.0,0.0,0.0,0.0,1.45e-06,0.52402522,0.076435185,5,4,0,0,1,0
5006(90)_pred.jpg,0.060523727,0.004690394,0.162282986,0.001274595,0.004422743,0.000137442,0.0,2.17e-05,0.495429688,0.0,0.0,0.0,0,0.000321181,0.0,0.0,0.0,0.0,2.89e-06,0.379791518,0.495429688,1,0,0,0,0,0
5162(270)_pred.jpg,8.68e-06,0.09083912,0.0,5.79e-06,0.091925637,0.0,0.0,0.0,0.717738715,9.11e-05,0.004618056,0.0,0,0.0,0.0,0.0,0.0,0.0,0.0,0.304522985,0.717829861,0,0,0,0,0,0
5379(180)_pred.jpg,0.08849103,0.063682002,0.028175637,0.0,0.106527778,0.000875289,0.0,1.45e-06,0.285238715,0.0,0.262436343,1.88e-05,0,2.75e-05,0.0,0.0,0.0,0.0,0.0,0.627394654,0.285238715,1,1,1,1,1,0
5475(90)_pred.jpg,0.023239294,0.026099537,0.025855035,0.071701389,0.00260706,0.0,0.0,0.0,0.587562211,0.0,0.072624421,0.0,0,0.000684317,0.0,0.0,0.0,0.0,0.0,0.429707315,0.587562211,2,0,0,1,0,0
5548(90)_pred.jpg,0.036274595,0.000474537,0.368085938,0.2157364,0.003405671,0.001124132,0.0,0.0,0.010742188,0.040471644,0.120902778,0.0,0,0.0,0.0,0.0,0.0,0.0,0.0,0.55746906,0.051213831,0,0,1,1,1,0
5548(-90)_pred.jpg,0.172252604,9.55e-05,0.023836806,0.072414641,0.0,1.45e-06,0.0,0.0,0.095379051,0.042368345,0.424852431,0.0,0,0.0,0.0,0.0,0.0,0.0,0.0,0.566663953,0.137747396,0,0,0,0,4,0
5647(180)_pred.jpg,0.210355903,0.019641204,0.065130208,0.003094618,0.005170718,0.00124566,0.0,0.000807292,0.045672743,0.012297454,0.497258391,0.0,0,0.0,0.0,0.0,0.0,0.0,0.0,0.514491204,0.057970197,0,0,2,1,2,0
6208(90)_pred.jpg,0.252735822,0.001122685,0.028282697,0.0,0.00318287,0.001837384,1.45e-06,0.001536458,0.40562934,0.004299769,0.115114294,0.0,0,0.000231481,0.0,0.0,0.0,0.0,4.34e-06,0.493452589,0.409929109,4,1,1,0,1,0
649(-90)_pred.jpg,0.222938368,0.002565104,0.326346933,0.0,0.0,1.45e-05,0.0,0.0,0.262517361,0.004195602,2.03e-05,0.0,0,0.000480324,0.0,0.0,0.0,0.000797164,0.0,0.477353627,0.266712963,5,0,0,1,0,0
6655(180)_pred.jpg,0.169856771,0.002653356,0.050536748,0.0,0.0,0.000141782,0.0,0.0,0.043817998,4.34e-06,0.515315394,2.89e-06,0,0.000666956,0.0,0.0,0.0,0.0,1.45e-06,0.413731489,0.043822338,13,6,3,1,2,0
6655(270)_pred.jpg,0.10916088,0.046626157,0.031195023,0.000445602,0.000774016,0.007015336,0.0,0.000256076,0.091510417,0.006780961,0.473761574,1.16e-05,0,1.3e-05,0.0,0.0,0.0,0.0,5.79e-05,0.497806448,0.098291377,1,5,5,1,2,0
6714(270)_pred.jpg,8.39e-05,0.136851852,0.058282697,0.027379919,0.027413194,0.002297454,0.0,1.45e-06,0.172589699,0.015920139,0.349746817,0.0,0,0.0,0.0,0.0,0.0,0.0,0.0,0.602049068,0.188509838,0,0,2,1,0,0
6714(90)_pred.jpg,0.235436921,0.001210938,0.134895833,0.02056713,0.023648727,0.000422454,0.0,0.0,0.106248553,0.013271123,0.287737269,0.0,0,0.0,0.0,0.0,0.0,0.0,1.01e-05,0.627432104,0.119519676,0,0,0,1,0,0
6888(270)_pred.jpg,0.149754051,0.001333912,0.372961516,0.0,0.000665509,0.0,0.0,0.0,0.003302951,0.157404514,0.161672454,0.0,0,0.0,0.0,0.0,0.0,0.0,0.0,0.551722102,0.160707465,0,0,0,0,0,0
6888(90)_pred.jpg,0.209402488,0.012381366,0.037909433,5.79e-06,0.007925347,0.001163194,0.0,0.0,0.054937789,0.00733941,0.509159433,0.0,0,0.00016059,0.0,0.0,0.0,0.0,0.0,0.474536603,0.062277199,2,0,7,1,0,0
6889(270)_pred.jpg,0.132157118,0.005387731,0.303854167,0.0,0.041935764,0.003550347,0.0,0.058046875,0.006388889,0.012050058,0.232048611,5.79e-06,0,0.0,0.0,0.0,2.89e-06,1.16e-05,0.0,0.608255258,0.018438947,1,1,1,0,0,0
7205(270)_pred.jpg,0.013710938,0.027527488,0.034454572,0.002695313,0.001603009,3.76e-05,0.0,0.0,0.266257234,0.063916377,0.296740451,1.59e-05,0,0.000519387,0.0,0.0,0.0,0.0,0.0,0.518170707,0.330173611,3,1,1,1,0,0
7275(90)_pred.jpg,0.23901331,0.010934606,0.264269387,0.0,0.004259259,2.89e-05,0.0,0.0,0.246507523,0.0,0.078093171,0.0,0,0.0,0.0,0.0,0.0,0.0,0.0,0.569372033,0.246507523,0,0,0,0,1,0
7363(180)_pred.jpg,0.174435764,0.03754919,0.210889757,0.0,4.34e-06,0.001061921,0.0,0.000376157,0.149301215,3.62e-05,0.283389757,1.45e-06,0,9.84e-05,0.0,0.0,0.0,0.0,0.0,0.611893169,0.149337384,7,0,0,0,0,0
7442(90)_pred.jpg,0.072010995,0.043806424,0.006523438,2.89e-06,4.34e-06,0.000436921,0.0,0.0,0.520979456,0.090664063,0.034885706,0.0,0,5.79e-06,0.0,0.0,0.0,0.0,0.0,0.450478419,0.611643519,0,0,1,0,0,0
7442(-90)_pred.jpg,0.182547743,0.012335069,0.08567419,3.47e-05,0.007256944,2.89e-06,0.0,0.0,0.171349826,0.025060764,0.302332176,0.0,0,0.000241609,0.0,0.0,0.0,0.0,0.0,0.594838916,0.19641059,4,0,0,0,2,0
7749(270)_pred.jpg,6.51e-05,0.0,0.040276331,0.492385706,0.0,0.000374711,0.0,8.83e-05,0.0,0.0,0.391987847,0.0,0,8.68e-05,0.0,0.0,0.0,0.0,0.0,0.369386853,0.0,0,0,1,1,0,0
7819(180)_pred.jpg,0.117515914,0.008098958,0.084900174,0.002777778,0.007210648,0.0,0.0,5.79e-06,0.024205729,0.077685185,0.522938368,1.45e-06,0,8.25e-05,1.59e-05,0.0,0.0,0.0,2.89e-06,0.512723729,0.101890914,1,0,0,0,0,0
7952(180)_pred.jpg,0.183058449,0.006902488,0.021561053,0.000901331,0.024654225,0.000801505,2.89e-06,8.68e-06,0.052128183,0.000562789,0.531077836,0.0,0,7.38e-05,0.0,0.0,0.0,0.0,0.0,0.445738892,0.052690972,5,0,4,1,2,0
8051(270)_pred.jpg,0.256396123,1.74e-05,0.005078125,0.0,1.45e-06,2.03e-05,0.0,0.0,0.124824942,0.004000289,0.486895255,0.0,0,0.000195313,0.002055845,0.0,0.0,0.0,0.0,0.444220846,0.128825231,2,0,1,0,3,0
8185(90)_pred.jpg,0.055967882,0.047609954,0.000607639,0.001571181,0.080749421,0.000326968,0.0,0.0,0.003561921,0.050875289,0.546140046,0.0,0,0.00067853,0.00077691,0.0,0.0,0.0,4.05e-05,0.451517127,0.054437211,0,0,1,1,0,0
8185(-90)_pred.jpg,0.139288194,0.025221354,0.104046586,0.000489005,0.069940683,0.0,0.0,0.0,0.038072917,0.05400463,0.395717593,0.0,0,0.0,0.0,0.0,0.0,0.0,0.0,0.626041982,0.092077546,0,0,1,1,0,0
8290(90)_pred.jpg,0.089225984,0.000389178,0.017398727,0.004103009,1.16e-05,0.004075521,0.0,0.0,0.293504051,0.111880787,0.225813079,0.0,0,0.000609086,0.0,0.0,0.0,0.0,0.0,0.555747298,0.405384838,2,0,3,1,0,0
8471(180)_pred.jpg,0.136432292,0.006792535,0.078809317,0.0,0.004748264,0.001737558,0.0,0.0,0.035551215,1.16e-05,0.495591725,0.0,0,0.00120515,0.015548322,0.0,0.0,1.45e-06,0.0,0.469851931,0.035562789,9,2,0,0,2,0
8634(-90)_pred.jpg,0.228206019,0.032064525,0.564636863,0.009829282,0.003282697,3.91e-05,0.0,4.34e-06,0.003262442,6.37e-05,0.021066262,2.89e-06,0,9.69e-05,0.0,0.0,0.0,0.001563947,0.0,0.411066411,0.0033261,6,9,0,0,0,0
8688(90)_pred.jpg,0.023527199,0.000400752,0.472907986,7.96e-05,0.003260995,0.0,0.0,0.0,4.2e-05,4.34e-06,0.0,0.0,0,2.89e-06,0.0,7.23e-06,0.0,0.0,0.0,0.202169792,4.63e-05,2,0,0,0,0,0
8688(-90)_pred.jpg,0.148401331,0.0,0.337012442,0.000418113,0.001293403,0.0,0.0,5.21e-05,4.2e-05,0.001131366,0.11708044,0.0,0,5.93e-05,0.0,1.59e-05,0.0,0.0,0.0,0.400426842,0.001173322,3,0,1,0,0,0
8888(-90)_pred.jpg,0.234353299,0.011396123,0.189409722,0.003634259,0.001627604,0.001540799,0.0,1.45e-05,0.108914931,0.026875,0.237770544,0.0,0,0.000143229,0.0,0.0,1.16e-05,0.0,0.0,0.620518734,0.135789931,1,0,1,0,2,0
8916(180)_pred.jpg,0.223480903,0.0,0.195435475,0.0,2.75e-05,0.006969039,1.45e-06,0.004289641,0.037135417,0.011684028,0.212773438,2.75e-05,0,1.88e-05,0.012916667,0.0,1.45e-06,0.0,0.0,0.552627794,0.048819444,1,1,1,1,0,0
9042(180)_pred.jpg,0.090154803,0.017961516,7.23e-05,0.019061053,0.000185185,0.0,0.0,0.0,0.138216146,0.077015336,0.517745949,4.34e-06,0,0.000115741,0.0,0.0,0.0,0.0,0.0,0.512373428,0.215231481,2,1,0,0,3,0
9160(90)_pred.jpg,0.109353299,0.0,0.048881655,0.099346065,3.18e-05,0.0,0.0,0.0,0.048723958,0.078466435,0.463938079,0.0,0,0.0,0.0,0.0,0.0,0.0,0.0,0.574366382,0.127190394,0,0,0,0,0,0
9469(90)_pred.jpg,0.114694734,0.039155093,0.212837095,0.00249566,0.028272569,0.004178241,0.0,0.0,0.232618634,0.018653067,0.090758102,0.0,0,1.16e-05,0.0,0.0,0.0,0.0,0.0,0.640424638,0.251271701,0,0,0,0,1,0
9469(-90)_pred.jpg,0.180442708,0.031827257,0.137521701,8.97e-05,0.041652199,0.004568866,0.0,0.0,0.103156829,0.001193576,0.27796875,0.0,0,0.000486111,0.0,0.0,0.0,0.0,0.0,0.630298541,0.104350405,8,0,2,1,1,0
9691(180)_pred.jpg,0.165559896,0.011004051,0.003531539,1.88e-05,0.003300058,0.001789641,0.0,0.0,0.352589699,0.01697338,0.219207176,0.0,0,4.92e-05,0.0,0.0,0.0,0.0,0.0,0.50709065,0.369563079,1,0,2,1,2,0
9691(90)_pred.jpg,0.091063368,0.000999711,0.04177228,5.79e-06,0.0,7.52e-05,0.0,1.45e-06,0.357405961,0.089388021,0.08427662,0.0,0,9.4e-05,0.0,0.0,0.0,0.0,0.0,0.500084699,0.446793981,2,0,0,0,0,0
9801(180)_pred.jpg,0.144351852,0.033305845,0.082662037,0.00599537,0.005985243,0.000549769,0.0,0.000823206,0.156009838,0.0,0.295843461,0.0,0,7.52e-05,0.0,0.0,0.0,0.0,0.0,0.573673475,0.156009838,1,0,0,1,3,0
9801(270)_pred.jpg,0.041485822,0.064905961,0.478230613,0.0,0.000170718,0.0026114,0.0,0.0,0.209142072,8.68e-06,0.023903356,0.0,0,0.0,0.0,0.0,0.0,0.0,0.0,0.47595189,0.209150752,0,0,0,0,0,0
9970(180)_pred.jpg,0.176409144,0.001153067,0.076339699,0.0,0.000416667,0.00088831,0.0,2.89e-06,0.074308449,0.045125868,0.452583912,0.0,0,0.0,0.021477141,0.0,0.0,0.0,7.23e-06,0.562032232,0.119434317,1,0,0,0,3,0
9970(270)_pred.jpg,0.228009259,0.001134259,0.020515046,7.23e-05,2.31e-05,0.0,0.0,0.0,0.473051215,0.008454861,0.091526331,1.45e-06,0,0.0,0.0,0.0,0.0,0.0,0.0,0.451133681,0.481506076,0,0,0,0,0,0
